path	bytes	sha256	path_sanitized
.gitattributes	99	2be775b38fb8060513a5ea8f993352862e28649eab0c40f7b9958b040d44bf37	false
.github/workflows/public-release-audit.yml	537	b77cc5b23f115b55bbb970d4b6eddd76c6bcda9fd8a7e5e54bd411a65ed4892c	false
.gitignore	702	bf46b15990a157cb456ac792c1a99c0e20922d368a086e7bae887323aa89516a	false
.zenodo.json	1481	dda3f53c22d0925517c49f1917a5fd5672b31c5ab57134f4281f0e806b4299f7	false
.zenodo.json.template	1167	73feb0d2935b04413879cb70759065b6764d82cb61e31edfe367494e76eec680	false
CHANGELOG.md	675	52b654317aa9d19c2ca37f37742b6c0f5588a640e64a985927d9dc0da221c9da	false
CITATION.cff	904	13eb7d7d83a09d9b654bfe9f9a2e5456e83e845a379dbf2d73d4c49872e87cb2	false
CITATION.cff.template	656	b0cfdb47a0691ef0a49640716fc85efedcbb3d79c41d00e53324c864b8b2fd39	false
LICENSE	1112	c7145631055e47ffd0700878ea49f931cea0c193af93fdce5d7ed34033bb4a57	false
README.md	7920	1a09a61e750f4bcc862ca8ccb1825231ebf462290fa6a301efcadb549644829c	false
RELEASE_METADATA.md	2290	bd08a785910e06982e55bab1557dbb40d1a4ccae0357b7a5f6ea8735910347f2	false
REPRODUCIBILITY.md	5661	06398eb86d8ca2ae259aeb65799dee7e2d1c254000f313838cd38dd5f7e9f947	false
config/cell_marker_panels.json	1799	a2b31bf8c118711de5193dbba2c2c6a89ac00c1b7cb55b807c152bb13440ff03	false
config/discovery_retained_cell_sensitivity_threshold_20.csv	1569	b4fd9dab1d4e05c1bcb0c839adc22073f1d2efa70312b3a40da5e48f44a29b1e	false
config/discovery_retained_cell_sensitivity_threshold_30.csv	1569	888738b285539fcf1d5ea1bc22ef8320c0686f3120229481c0c48f15fe2a2564	false
config/discovery_retained_cell_sensitivity_threshold_50.csv	1569	150d589327b181ae853fa1290fe499d6f99bbf59af2320e621f723ce1fd4795a	false
config/np_post_hoc_external_expansion_contrast_spec.csv	4552	7773410f953b42e600444088904d7cf5e3bdd3412a5c64fc82b7a1176ec63204	false
config/np_source_family_replacement_contrast_spec.csv	4562	1ae631df0ff5fad0155889feec0c738a72d43bdff8b0a8a5c764bfbaf5dd1d4a	false
config/program_modules.json	2196	04ae3b181dbcb67e5c29899e637a3141a95bf916931211a47902eaed45b4f15c	false
data/DATA_ACCESS.md	2729	3b6869fd3d9bc75fbc293660de065aa8387347ad3d1bdf80b32be7e414ed52c0	false
data/derived/GSE153066_count_matrix_audit.csv	1260	80a13b3dc486317f9f47ed5111ce2172feaf1a523f9851585d627bb1d244721a	false
data/derived/GSE153066_donor_ledger.csv	9355	e935ecf13aee69900d981f98fa14b88d6c20608cfd1ff366620bbe0ccf1f703b	false
data/derived/GSE153066_soft_metadata.csv	16066	26d28fd896792fd9128c5cdb70aa1267e97ab3409ed0b696a82e4b93b39ef70e	false
data/derived/GSE165722_archive_inventory.csv	2815	86943e1dd63068470edff596aeff2b50434e2e71888861ac1f4429839c3c4af7	false
data/derived/GSE165722_descriptive_qc.csv	3475	a17dcb90edb1d3d3aefbef423df835e87548aad08d338926124b7babe095f1d6	false
data/derived/GSE165722_donor_ledger.csv	3241	2a84b37c32b532e51df5701efd5b466d493aacb82f32c98d66fdf8d7ba19203d	false
data/derived/GSE165722_matrix_audit.csv	5113	5552fd5f9e5cb714399bf58e55157dbf04449c033e6ca57362273f8a0afb4e20	false
data/derived/GSE229711_10x_matrix_audit.csv	1617	86615f86a430dc3d30eebbd5a33acf6060f0abeea31bd744a68fdecab0415ed1	false
data/derived/GSE229711_archive_inventory.csv	3256	5a407ea346c2ab3ad7cc1348687b2a505fa46407904cb755af46725eb6883ccf	false
data/derived/GSE229711_soft_metadata.csv	4256	2f39a6cad23dbf3dc0c82dac3825d6be574900edb97b284511b122a19e7ca004	false
data/derived/GSE230808_10x_matrix_audit.csv	4497	fc97167469fa030f8acaeddddc69df3491658b208b83843debe9e23c3eb53e60	false
data/derived/GSE230808_archive_inventory.csv	9611	3fa472641c56597eb71d9e903da56b4875bddc432b0c461b3ef59e2581c89104	false
data/derived/GSE230808_soft_metadata.csv	12598	c2fa4a81fe9c83cbb9ffd520e1613fc2020da29f0d3d7d1dc6f208ff0fb11b9b	false
data/derived/GSE230809_discovery_design_summary.csv	253	776979e4af81515aea706e0c6142ff18d06e02d05bf233cf6212a0d238dd81d2	false
data/derived/GSE230809_discovery_raw_data_ledger.csv	7047	9ff37a04f39d6b16cbc328743fc1aed5a38002b0e7ded790a6d4b70e88f9ab3a	false
data/derived/GSE230809_discovery_sample_ledger.csv	19982	31fd166ed16ac0c33aa318dc79d082ead1f6028036daaab13fb9d4173332e775	false
data/derived/GSE244889_10x_matrix_audit.csv	1718	15a71e1a8f7683daf545802b00c8e99460b6ea7e387871d2b2f4f746ef6251ee	false
data/derived/GSE244889_10x_stream_integrity_audit.csv	1410	55a505f1d6a65afd414423c1b898ee0e8411b4e81037186ae72a712d56f4235c	false
data/derived/GSE244889_FPKM_audit.csv	537	1784097eb9a1d842f282185c61a9b7655d00458cdc1581dfcc134fa272e01160	false
data/derived/GSE244889_archive_inventory.csv	3687	22a59491a8a4b82fc2677a145e9a5a3508258307f6d792669c35836f0ea7a8ca	false
data/derived/GSE244889_asset_ledger.csv	1043	f25848179c5ba177d50e3827b3d71f17d2f66a68a481f2f2d8801fd16df1a587	false
data/derived/GSE244889_bulk_sample_ledger.csv	3508	c6cd1914903e4f9ac4085d3bf7521bd0ef1eeb318075e265b0c673e7f5976b8a	false
data/derived/GSE244889_filelist_audit.csv	385	6906235908315627a9e7128f90b4774eb209029d3a58c9be263de777f8654c84	false
data/derived/GSE244889_scrna_sample_ledger.csv	3658	307abd9d76ce4e37eb90d4c48fdee03f84c8867c82b8a3972ce71ed78aead907	false
data/derived/GSE244889_soft_metadata.csv	11694	5951403ee2c94ffc53788a03f5cf35fb84385da54ef73c9ad367e281bab121aa	false
data/derived/GSE251686_GSM7986002_header_audit.csv	651	f86052b7c46692defb0a4602ce35d544c2ca19a39c8a6345b799d980632a8d47	false
data/derived/GSE251686_GSM7986002_header_audit.json	7237	21b6c4d339b2811403356e81154613b26cd44656733c4eb8143d0d3d3228c794	false
data/derived/GSE251686_archive_inventory.csv	1173	d9da230f2f18049cfe7927cf0d82503f00f8e101d5eea58b6f19db6ef93ad808	false
data/derived/GSE251686_design_summary.csv	735	9092a6f98dc40fa46d1ebc10d19a43b6fcee28d954ea28271f72500a834c5253	false
data/derived/GSE251686_donor_ledger.csv	5513	903fb95a13be620e7ee876746b9715acb10942864bbb58b1f298debcd051b391	false
data/derived/GSE251686_exploratory_scores/GSE251686_exploratory_cell_annotation.csv.gz	696833	9ac3d94332320aa3a8a301034ac7bbbd9bd39244326573f2c626b7728b5b496d	false
data/derived/GSE251686_exploratory_scores/GSE251686_exploratory_effect_parameters.csv	1639	cd2dfa2c558d0a804a3ce41860a141fecfcec21e9713f97b93c72642682ec6d8	true
data/derived/GSE251686_exploratory_scores/GSE251686_exploratory_group_descriptives.csv	2449	e3f2a7d8d39c18f32c1c75667c8415e9dd80f8248d992d9ee9ee1e926fedd3f0	false
data/derived/GSE251686_exploratory_scores/GSE251686_exploratory_library_ledger.csv	1191	37ae08cdbbd8131b8c235a8d9c8d54b74c4c84fb16e6892ac6b6176277ecbdf9	false
data/derived/GSE251686_exploratory_scores/GSE251686_exploratory_module_effects.csv	5303	3c490e51139940a349f28e22322f93f534e24263dfce5c9bcfdf371dbdd1db15	false
data/derived/GSE251686_exploratory_scores/GSE251686_exploratory_module_gene_scores.csv	25566	cdd61b7ea86bb00ac6f406d566fb903572c3adad8f528c5834aeffdf67d0642b	false
data/derived/GSE251686_exploratory_scores/GSE251686_exploratory_module_leave_one_out.csv	7369	62ca66abee7eb1b506253a2d005a877efa123682c42074ca25c93c2c16bc6255	false
data/derived/GSE251686_exploratory_scores/GSE251686_exploratory_module_mapping_audit.csv	14229	510b194cd67325a48b4a5a8c07586b7a403b51e7747d9fd2f5eac0160b5475f0	false
data/derived/GSE251686_exploratory_scores/GSE251686_exploratory_module_scores.csv	3988	b316a263ddc93b2f34865ee8e2cb1a56f967c1b73bf5d64a9c78ddde0851ff2e	false
data/derived/GSE251686_exploratory_scores/GSE251686_exploratory_score_parameters.csv	1540	8492bdce5f4dd2c9ca8865207aa97f24560d9f54e48ef46720fc358cbea9288d	true
data/derived/GSE251686_exploratory_scores/README.md	1308	b5f72f0760d31a80989fc039fbf906166da45e51e909633d00701370a846cbec	false
data/derived/GSE251686_exploratory_scores/run_artifacts.csv	829	446e81663a1eb04b2996c6be0f51d3827eb81105fbbec4df60b0d3a66f2b4348	false
data/derived/GSE251686_exploratory_scores/run_manifest.json	1458	d6c5a0dc896e5d5274c68eea3bd6b0d9f834ba01cce0d9a355de7613ad90c7c2	false
data/derived/GSE251686_filelist_audit.csv	811	3ca9845cc6bf86346a6607c278eb1730744a2b234cd451272a047fbfaeee0283	false
data/derived/GSE251686_matrix_identifier_audit.csv	986	88e0c94492a62ec20674cadf847ce805c21f89b74e9c0bb35ed5599090c48a54	false
data/derived/GSE251686_nested_10x_matrix_audit.csv	1605	f80ee0b4ccda0cc9457d5de46f2533d54168138c75fb90418b89a3066207a1e1	false
data/derived/GSE251686_nested_matrix_stream_audit.csv	1871	52db6a4fb481d357ec66a47b01c301875b64f48819c6786bfd67493b0941b65a	false
data/derived/GSE251686_nested_matrix_stream_audit.json	6891	fb9b2cd705935ce7adc325a23250e55b32a9f9b175a32906a275bcb63315116d	false
data/derived/GSE251686_soft_metadata.csv	5154	bc4309cb1f9c87579dbf65a98523b508d899f46ded44f2b3d07386919bbd0d7c	false
data/derived/annotation/GSE229711_RAW_cell_annotation.csv.gz	1297284	d1432400aa9397d96e64e87bcc4ee8aed26e563952ffdb2a0e049cdaf2d9f3ba	false
data/derived/annotation/GSE229711_RAW_donor_annotation_sensitivity.csv	763	a05cc2a4daff853ea67899900f1fa264670b8eccda95d29bcfd2fbe60a301903	false
data/derived/annotation/GSE229711_RAW_marker_mapping.csv	1920	7b7d169783252d5f3babf7dee72c2522ab3ec75acc2f07526ab8f9f800d9efb8	false
data/derived/annotation/GSE230808_RAW_cell_annotation.csv.gz	2051007	044fb167c03d2b58b53a1f284f05f843453618df2533c925c74a88e66efbcb6d	false
data/derived/annotation/GSE230808_RAW_donor_annotation_sensitivity.csv	1605	45aa1fd8f3e5f15c3c0918e8bcf86e782012c53597020592e99f80ce762e6833	false
data/derived/annotation/GSE230808_RAW_marker_mapping.csv	5604	cbb8a66a67162bc782e97b4b22d4a9ced9cf424bf4956c3245e34e1629f4a913	false
data/derived/annotation_external/GSE244889_RAW_cell_annotation.csv.gz	1645212	a8a15006ba5f9f4b3635daddcc7b6672ad70293dc8c35cf9ae44f4c074a41793	false
data/derived/annotation_external/GSE244889_RAW_donor_annotation_sensitivity.csv	799	ad2453abff99015d40bff7828090e0ceeee1c27ed9c177adea3a7af09605640f	false
data/derived/annotation_external/GSE244889_RAW_marker_mapping.csv	2227	32c2df58328e1893f14ab94a92d0ae290f046c712b3336232b5cb469c8f8e6d3	false
data/derived/discovery_retained_cell_sensitivity/README.md	1302	6d08d2d1bc105304a6353404ba6367730c0d998f9500015fbb70e7ca13badcf2	false
data/derived/discovery_retained_cell_sensitivity/discovery_effects_by_retained_cell_threshold.csv	25771	66fe51e11f7730025b3fe8d7dac064d7de7fa76fb253bdfc33b65d56901dc829	false
data/derived/discovery_retained_cell_sensitivity/input_artifact_hashes.csv	3549	24c21aea1b4d7638edfdcb74905ea6651d6c4d4c79a591fd6335be767a6c5287	true
data/derived/discovery_retained_cell_sensitivity/library_threshold_eligibility.csv	8006	f9d1f295a852e1c52ad0a5cd82505c657ecb86df204cb84db483f6c593ae5081	false
data/derived/discovery_retained_cell_sensitivity/run_artifacts.csv	563	b4f7618eff9ff4e6e14d7ce669a8c49acf44ea4a47f42250539f3cdcee4b0e08	false
data/derived/discovery_retained_cell_sensitivity/threshold_effect_stability_vs_30.csv	9091	9b8c45b9249147996ab0cef7d8baf9a414ecfebd8244522978c0ed8d8daa8484	false
data/derived/discovery_retained_cell_sensitivity/threshold_run_summary.csv	803	a181a5245ebda101917c570f07af74c050edab536bf856bc2176225e3daab075	true
data/derived/discovery_retained_cell_sensitivity/threshold_score_identity.csv	431	40588dbe87f1c2ba1db575c4ec9150c94883520824009f5600281b41118c9cae	false
data/derived/donor_module_effect_summary/README.md	3537	6c78d2b6c0267aff7fb57ec2b3c086e30795c711328036635b59cf5eaf2ff46e	false
data/derived/donor_module_effect_summary/cohort_score_availability.csv	1979	b80ed9c48cda048bb293f098bec586d3b5758363dc7a4f0831eb0bf66c0f0c88	false
data/derived/donor_module_effect_summary/cross_cohort_direction_consistency.csv	5655	e5387fc826cbe2cecb3abdd7b231465f83ffb5e233ab936bde5202b21b005450	false
data/derived/donor_module_effect_summary/donor_module_effects.csv	22190	40da19d71645b7748d41c25c048ce51efe41653bd1cf38ffa6a2e8474a3667c7	false
data/derived/donor_module_effect_summary/donor_module_group_descriptives.csv	19450	018c2f35cf521cea18aca1f5788fd78539b3f45c83e7fedd0683ebd89b988e02	false
data/derived/donor_module_effect_summary/donor_module_leave_one_out.csv	77594	ad06ce717f55df1b6d711f5cf2f907a423be2955d794f7054e4b5765147995d8	false
data/derived/donor_module_effect_summary/resolved_contrast_spec.csv	3346	fb462212c9fb65e44814970e9f4ed1bb9493172b0ed54c397947d5ea8b6c2324	false
data/derived/donor_module_effect_summary/run_artifacts.csv	913	5ceef36857062ff4f3c2911e9a945dd8811f80cf9b594ab16956f1eacfaee9da	false
data/derived/donor_module_effect_summary/run_manifest.json	11248	57a0f2206098b7bb04cdda3fe2f3cd3b4e1775b5f909a063e817ac5afccfb487	true
data/derived/donor_module_effect_summary/run_parameters.csv	2180	c5edc8f1a8dc43a42f4caef428531bb42191c06bcb5761ecaa2cf29efdc2db11	true
data/derived/donor_module_effect_summary/score_ingestion_audit.csv	828	d94ecbb260f9fce7d03c1e45933ccf55b3dbfc050f685919a2b64ddf3629c5d8	false
data/derived/donor_module_effect_summary/score_ledger_identity_crosswalk.csv	1189	e6a938bbb369846e34d3906c6f17a817106ac1ba5fee467dc2d8cef080bca686	true
data/derived/donor_module_effect_summary_external_expansion/README.md	2442	9c4b998e3cf2dff0b6606b3a5a079b0249e35878bad9ccec60b2b9568c4338b8	false
data/derived/donor_module_effect_summary_external_expansion/cross_cohort_direction_consistency.csv	4452	c5391003622a2729b1f4c10357e393c667e2a16e44d368d5b20be808edf6f1e7	false
data/derived/donor_module_effect_summary_external_expansion/donor_module_effects.csv	29106	2ee2121ad77d65df9b6a385f6630cc65aa6180bf16a837a25ef903d2303b9768	false
data/derived/donor_module_effect_summary_external_expansion/donor_module_group_descriptives.csv	23252	82d50727576b9b36f7fe77cc49e9e5ca3ecacf4334fc5d93a4ba9b1d0e9dfdf8	false
data/derived/donor_module_effect_summary_external_expansion/donor_module_leave_one_out.csv	82454	040800970f489d61ecef4990f02d02d0224990828fe44e38da0f9fa021f01c79	false
data/derived/donor_module_effect_summary_external_expansion/resolved_contrast_spec.csv	4552	7773410f953b42e600444088904d7cf5e3bdd3412a5c64fc82b7a1176ec63204	false
data/derived/donor_module_effect_summary_external_expansion/run_artifacts.csv	755	cea9459b4e488b63baa4228c5643d30fe048d9a552628c78e34a4c5ecc410d34	false
data/derived/donor_module_effect_summary_external_expansion/run_manifest.json	13274	6944af3a01428dc06204d00b835851aa1705145eaf45b593437415d3a96062fa	true
data/derived/donor_module_effect_summary_external_expansion/run_parameters.csv	2675	060e0cda4114fba75c6686eb653db5fe1f69ebd23a6acddd74a093bc15f0c92d	true
data/derived/donor_module_effect_summary_external_expansion/score_ingestion_audit.csv	963	95b34d247c9e5c2343ec28697acf1b1831045be17228e94684c2054b893d907f	false
data/derived/donor_module_effect_summary_source_family_replacement/README.md	2522	de081f0819eecd1dedc49d7fa3cbe11fe293004c5614cde8aa9e40ee40c69555	false
data/derived/donor_module_effect_summary_source_family_replacement/cross_cohort_direction_consistency.csv	4558	f9164db98f836ee6f530bd1d64fb4bbcb45c4384674fdc3294edb10b892ec573	false
data/derived/donor_module_effect_summary_source_family_replacement/donor_module_effects.csv	29066	fb578eb5f488eaf0f8b7cd243997a927e29aecd6f02278ac9a0b678abdaa512d	false
data/derived/donor_module_effect_summary_source_family_replacement/donor_module_group_descriptives.csv	23524	e114abf78b57216b9f34b26b94285fa83f315d14d5935266c8aa8f76a651e286	false
data/derived/donor_module_effect_summary_source_family_replacement/donor_module_leave_one_out.csv	78637	77f5a06a2415610a28a382390c9983e69f1ff1aeac2de2a8c50be5182a76302c	false
data/derived/donor_module_effect_summary_source_family_replacement/resolved_contrast_spec.csv	4562	1ae631df0ff5fad0155889feec0c738a72d43bdff8b0a8a5c764bfbaf5dd1d4a	false
data/derived/donor_module_effect_summary_source_family_replacement/run_artifacts.csv	755	cea9459b4e488b63baa4228c5643d30fe048d9a552628c78e34a4c5ecc410d34	false
data/derived/donor_module_effect_summary_source_family_replacement/run_manifest.json	13325	53cd2a961c8a90b979af0064d5c8461f9bfa425b0b42891d3c6fd6ea35b67372	true
data/derived/donor_module_effect_summary_source_family_replacement/run_parameters.csv	2698	434ee3501cdff2abc3c5ab829eb13143a803db47c83301b4842a7ff1c278c2e2	true
data/derived/donor_module_effect_summary_source_family_replacement/score_ingestion_audit.csv	988	666c85454b3cfa9fce26ee89fa9271634fb606907bdd54dce79e50d0d2f09574	false
data/derived/geo_candidate_audit/GSE167931_sample_ledger.csv	8413	903b281a88042cabbea458257551098bd0622464c12c54201fb09aecbd9ee69c	false
data/derived/geo_candidate_audit/GSE186542_sample_ledger.csv	5688	954cdca5b986428417de0f92f8171070ea299d6066c998cca66181744e759acb	false
data/derived/geo_candidate_audit/GSE245147_native_comparison/independence_ledger.json	633	e1664c73cad9d6924005e4cab2dcca5cb330d19735a134b4ab3b51a47529fc05	false
data/derived/geo_candidate_audit/GSE245147_native_comparison/manifest.json	1311	468af8d89bd988b90381f439bf94b741e6a42a418e9439108428e3fb43fa5152	false
data/derived/geo_candidate_audit/GSE245147_native_comparison/matrix_integrity.csv	582	17a97a19d8e24b894dcba0bd6fc3a290fd9918a3389da19b6399049a577b3d40	false
data/derived/geo_candidate_audit/GSE245147_native_comparison/module_mapping.csv	1263	006cbad7a0e2a823c7c72fdd64834b5dd0d892e6143e86bc61cf60e63a539fa7	false
data/derived/geo_candidate_audit/GSE245147_native_comparison/sample_selection.csv	2764	35c4ebb48e1be1c137654a36368044c879a9d4982ee7520e856bf171d3f43110	false
data/derived/geo_candidate_audit/GSE245147_sample_ledger.csv	17514	9e57ae4976d9cfa0b8ed93d0c2d57d23ca0619631e0b0707fc9d76d6aeadb558	false
data/derived/geo_candidate_audit/GSE56081_probe_annotation/GLOBAL_SPECIFICITY_README.md	1391	118f910d0f070767049aad3784c6e0f15d87be83c525da3dbbe73dd2581ce1cd	false
data/derived/geo_candidate_audit/GSE56081_probe_annotation/README.md	825	eac280df1e8b55076d5128ff60a3ec059b8f5abd42b59a304c33c35197b476c0	false
data/derived/geo_candidate_audit/GSE56081_probe_annotation/audit_manifest.json	2856	1f644058c10476de27acbf2fa9563078d653a91afe3e5464c7134329343bc1d6	false
data/derived/geo_candidate_audit/GSE56081_probe_annotation/ensembl_release_113_reference_manifest.json	1578	e57ebe64ed7321d4396dccc3a7d59fd18f2c1604d2b94aa7a7c90bd2a11bb39b	false
data/derived/geo_candidate_audit/GSE56081_probe_annotation/global_specificity_manifest.json	4943	81df2433b3d75968d39e0692007b993712a247733df9e14c9d90394c810bd1f3	false
data/derived/geo_candidate_audit/GSE56081_probe_annotation/input_artifact_hashes.csv	506	772c280c07c7575f051ee9c5cb0609788fe8692f114911be622ac6623eea77b1	false
data/derived/geo_candidate_audit/GSE56081_probe_annotation/matrix_feature_audit.csv	559	f79cbd092ecc1e748b9162a0bb5d04d1ed9b1f48250c026fa7ab862c50a597ed	false
data/derived/geo_candidate_audit/GSE56081_probe_annotation/module_global_specificity_summary.csv	412	f8f9b1386b928bb02194653800cc8e4100a42db8438bf4cce0ae33973490fc36	false
data/derived/geo_candidate_audit/GSE56081_probe_annotation/module_mapping_summary.csv	720	232a1f161ae8099732c15b961fd388da222001f5df5d54a729d7ae87b12605e6	false
data/derived/geo_candidate_audit/GSE56081_probe_annotation/probe_gene_sequence_mapping.csv	10537	96300e33cfab96ca1460d80ca039d75c6722952396581d72ac664171d05a9016	false
data/derived/geo_candidate_audit/GSE56081_probe_annotation/probe_global_specificity_ledger.csv	29439	1c584af98c76f34be0355a6a617efb3422af8a3652aa859beba72cc926d28993	false
data/derived/geo_candidate_audit/GSE56081_probe_annotation/probe_specificity_queries.csv	36923	b6383a3fdd044ecbc0b4640be4bc8345e710fc79dd35604e8141adf8bdd9aa30	false
data/derived/geo_candidate_audit/GSE56081_probe_annotation/raw_tar_feature_audit.csv	886	62a4dc6707a8a1586f3a3d6ee2bac64400fbf155a9efd937ce732952e26f68a4	false
data/derived/geo_candidate_audit/GSE56081_probe_annotation/release113_primary_assembly_probe_hits.csv	10175	15d9faf51652998bca1f7d5ee72f39c41f16314cc667903c9e85767bae6bbd44	false
data/derived/geo_candidate_audit/GSE56081_probe_annotation/release113_transcriptome_probe_hits.csv	48501	235b31b2dfc41092f9563a1934ea26f4fca7571f0d0919825e651717fc65ca6f	false
data/derived/geo_candidate_audit/GSE56081_sample_ledger.csv	8029	2214fa227e62d8b11f250606d27c8bf4db5d0d1307686ffc6caf90f3c1af786a	false
data/derived/geo_candidate_audit/README.md	3682	eeded02aec0309c48668fb9bfd70f4b1ada57df39f562818c5b7d2e22ce8e39b	false
data/derived/geo_candidate_audit/candidate_cohort_assessment.csv	1968	d314d7878817d704d5387470a945a2e097a1be4c3967baaf7081946f9c28402b	false
data/derived/geo_candidate_audit/candidate_independence_ledger.csv	1603	2d1b98e4f4c3a2fff105a37a91efd900816c78f3673f7a499592145b8b9f5d20	false
data/derived/geo_candidate_audit/candidate_input_artifact_hashes.csv	1840	b24cc4173d48bd98aaa00d8f9b430332d9ee01dafb36e1c5e59280e079a351bd	false
data/derived/geo_candidate_audit/candidate_matrix_integrity_audit.csv	2217	5eedb12df710819345b00b994de349a5f17947ee792ec527c5153815232ae0cf	false
data/derived/geo_candidate_audit/candidate_module_mapping_audit.csv	3294	54a0b48a5a8bdea053cbff0cdc50f8f85bd130102cca25cc2ead52e3d09344eb	false
data/derived/geo_candidate_audit/candidate_sample_matrix_mapping.csv	8133	c6764446668b581e4b8ab368d0d04f5307a36848de88d7e6347ec8cf1adc23a6	false
data/derived/geo_candidate_audit/external_human_np_candidate_identity_audit.csv	7148	086d00cd78b28e7c26b3a651bab1ef9958a378293257fe94a652c4c5c08935a2	false
data/derived/geo_candidate_audit/external_human_np_candidate_matrix_audit.csv	1558	bdf9b10991fa89ac9ae369675dcb6990d800e19a2f8e9bed295712fc9061a26c	false
data/derived/geo_candidate_audit/external_human_np_candidate_module_mapping_audit.csv	5505	4e3dc68dd1bc5c0fe381c9dd7cfe1e5b95b0c5eb35613c05906e5fa88bcdadf5	false
data/derived/geo_candidate_audit/external_human_np_candidate_scoring_manifest.json	3206	71f9a8d2b882f74451a51e75e52207d28255dae1d6b583ab92c015484309c6b1	false
data/derived/module_scores/GSE229711_RAW_library_pseudobulk_ledger.csv	806	7b2445cbffed569e8491d56f7494a947e6822394e450476969182be5cb0f572f	false
data/derived/module_scores/GSE229711_RAW_module_gene_pseudobulk.csv	40281	cb137992695b80e37a8c3f40b0114a01cc35c5d256c47c4d35d3ceda2d991b16	false
data/derived/module_scores/GSE229711_RAW_module_mapping_audit.csv	4657	ddd97a69ba265e11c54e440d8cbfb71b10fba8a31cc58f35c0b533abf632968e	false
data/derived/module_scores/GSE229711_RAW_module_score_parameters.csv	595	4ec17981b53283e37a6ff1e7ece8c342333c2b10858a3ceab2f436fab5c754cf	false
data/derived/module_scores/GSE229711_RAW_module_scores.csv	2899	3b7c1fb67b7e99c0568cb63dc36bffed5c65c77cf32f5069303cbb621626c6d9	false
data/derived/module_scores/GSE230808_RAW_library_pseudobulk_ledger.csv	2211	28cf4f7a9bcd70a042ef211f12f0c85ad371e2641a0e7028372a0d80a2f09537	false
data/derived/module_scores/GSE230808_RAW_module_gene_pseudobulk.csv	121514	1251d54dad64bcffb43afe6d771c2d3d9c0e7d715d2996d2ad45dd1a3b4124f5	false
data/derived/module_scores/GSE230808_RAW_module_mapping_audit.csv	13798	9c6182f0ce2936e012327b3cf3cc73901ae28213fdfaa6c93d8732ec38c089bb	false
data/derived/module_scores/GSE230808_RAW_module_score_parameters.csv	519	058ef5f4cb258d8f5dab9f26036d81c1acc6f979c01663a3e4ab7b651c3b0d4b	false
data/derived/module_scores/GSE230808_RAW_module_scores.csv	8411	13c4c5dd975a20e4c2489eb741636a02774a81b8556a4dc7f5f666a8a8a57ea5	false
data/derived/module_scores_external/GSE153066/GSE153066_AllSample.counts_library_pseudobulk_ledger.csv	4448	6a08f0b5b3e318fe57a13dd0563c1c6509acf12362740f25d7494a852c5569f6	false
data/derived/module_scores_external/GSE153066/GSE153066_AllSample.counts_module_gene_pseudobulk.csv	120636	cc1fb2a19a151a64a947eb41590e3f87874b8dc66dfb353c8174118b76582a9e	false
data/derived/module_scores_external/GSE153066/GSE153066_AllSample.counts_module_mapping_audit.csv	13306	8ab8dfe59c0ce6c9eb1993f1f2dc5733c14423f00f59eb92bf312f6a6a681434	false
data/derived/module_scores_external/GSE153066/GSE153066_AllSample.counts_module_score_parameters.csv	533	2a4e4d6351932c9a9d237cf6018013185092b588c69dcb11ed8c3a320f7ccd83	false
data/derived/module_scores_external/GSE153066/GSE153066_AllSample.counts_module_scores.csv	21012	ed10976824052f61381f25558c917d4ece837b2eb64dcf0d9791d1f8a9f3c4b4	false
data/derived/module_scores_external/GSE165722/GSE165722_RAW_module_gene_scores.csv	62450	b38cb431ca616e5fba32df4caa6b2abac8402e6640d3a80bebff453c96a5c57b	false
data/derived/module_scores_external/GSE165722/GSE165722_RAW_module_mapping_audit.csv	6288	08991614745747f8eaf2c1001de989e8a641cdd233d644fa0c44ff95da0a4b63	false
data/derived/module_scores_external/GSE165722/GSE165722_RAW_module_score_parameters.csv	625	37eda428383994f8be5d47221b364d71f234c308250c6d6a4c37088a50098270	false
data/derived/module_scores_external/GSE165722/GSE165722_RAW_module_scores.csv	10877	85db6b187ae26949e18fadba1a0f67ba5a1bf889380071114efd845cef28bbba	false
data/derived/module_scores_external/GSE165722/GSE165722_RAW_sample_score_ledger.csv	2248	f090cd3866bab790e769f61623182b3f9b63c3b26a182d4debbba552a223d001	false
data/derived/module_scores_external/GSE167931/GSE167931_AllSamplesFPKMValue_module_mapping_audit.csv	1614	b83cde07fdaee03bc0245ed3f09efa0c0a545cadb40392b7cf78e288144b922a	false
data/derived/module_scores_external/GSE167931/GSE167931_AllSamplesFPKMValue_module_scores.csv	12627	0ebcb274da74fa2e9557dfbb91fa562b910b910621866ee0c60c7b55713237b5	false
data/derived/module_scores_external/GSE167931/GSE167931_AllSamplesTPMValue_module_mapping_audit.csv	1618	eb6561085cdb7e0c83e46a524a1c4c8aa118b87983f9c5cfbf4984400e983657	false
data/derived/module_scores_external/GSE167931/GSE167931_AllSamplesTPMValue_module_scores.csv	13491	7f3f1af1138eeec2cca6ca0a5468b45e059b1eacb85a6d93e2b4a1500bd874d5	false
data/derived/module_scores_external/GSE186542/GSE186542_gene_expression_module_mapping_audit.csv	1430	7c51cc339c6c4d963bf4196b69adb55407a89a7a2744f6a7be062d9725680892	false
data/derived/module_scores_external/GSE186542/GSE186542_gene_expression_module_scores.csv	10982	97a450cd047d7c51fd6079dacbca3c9850c6204ca439ded7d8a3264465140b20	false
data/derived/module_scores_external/GSE244889_RAW_library_pseudobulk_ledger.csv	941	258fcecc2ea6c5f323ef34f45d065b99052fa238229bf2165dc05a0b4da0431a	false
data/derived/module_scores_external/GSE244889_RAW_module_gene_pseudobulk.csv	43751	e603fa60d43d187f41620d55df21deca5e49484317f51bb3a068ffc7490e97e2	false
data/derived/module_scores_external/GSE244889_RAW_module_mapping_audit.csv	5425	b6944e7b80cd364459fa1c984c639ffc70e7c0a43e8e174836f99b618c68e699	false
data/derived/module_scores_external/GSE244889_RAW_module_score_parameters.csv	528	9cff8652923d8b29311ab7d3046bbe5a8b0e8e2e060d16bfe6c75a0fa88c3c19	false
data/derived/module_scores_external/GSE244889_RAW_module_scores.csv	3178	c748e5411527dfcf866faffac98b4719b4caa60fec60f07223bb67fcba106f79	false
data/derived/module_scores_external/GSE245147/GSE245147_Degenerated_NO_Degenerated_RPKM_module_mapping_audit.csv	1494	c3cc25b1e3fd9f567aeb839617066bd8c7812645d70321984acbc6d2d2a8f5c0	false
data/derived/module_scores_external/GSE245147/GSE245147_Degenerated_NO_Degenerated_RPKM_module_scores.csv	11762	e835c653ec69bf833e7ee4b15c0e1e6eaff5aed8aa813cb0d71fdf2a1023fc81	false
data/derived/module_scores_recomputed/GSE229711/GSE229711_RAW_library_pseudobulk_ledger.csv	806	7b2445cbffed569e8491d56f7494a947e6822394e450476969182be5cb0f572f	false
data/derived/module_scores_recomputed/GSE229711/GSE229711_RAW_module_gene_pseudobulk.csv	40281	cb137992695b80e37a8c3f40b0114a01cc35c5d256c47c4d35d3ceda2d991b16	false
data/derived/module_scores_recomputed/GSE229711/GSE229711_RAW_module_mapping_audit.csv	4657	ddd97a69ba265e11c54e440d8cbfb71b10fba8a31cc58f35c0b533abf632968e	false
data/derived/module_scores_recomputed/GSE229711/GSE229711_RAW_module_score_parameters.csv	595	4ec17981b53283e37a6ff1e7ece8c342333c2b10858a3ceab2f436fab5c754cf	false
data/derived/module_scores_recomputed/GSE229711/GSE229711_RAW_module_scores.csv	2899	3b7c1fb67b7e99c0568cb63dc36bffed5c65c77cf32f5069303cbb621626c6d9	false
data/derived/module_scores_recomputed/GSE230808/GSE230808_RAW_library_pseudobulk_ledger.csv	2211	28cf4f7a9bcd70a042ef211f12f0c85ad371e2641a0e7028372a0d80a2f09537	false
data/derived/module_scores_recomputed/GSE230808/GSE230808_RAW_module_gene_pseudobulk.csv	120821	a0d7262da3d853be48e8f4cd95804ec40c762dee4a02b85e5a8352fa024591d8	false
data/derived/module_scores_recomputed/GSE230808/GSE230808_RAW_module_mapping_audit.csv	13681	ab1dde4fde6001e19ba3955aec79f1c1eb83b94738d303cf53ac5d70aa552dae	false
data/derived/module_scores_recomputed/GSE230808/GSE230808_RAW_module_score_parameters.csv	595	7b072df63c6ea2f67a88d125561d6c48d55d9e9c0d1646bba863a6ad98360af9	false
data/derived/module_scores_recomputed/GSE230808/GSE230808_RAW_module_scores.csv	8411	13c4c5dd975a20e4c2489eb741636a02774a81b8556a4dc7f5f666a8a8a57ea5	false
data/derived/module_scores_recomputed/GSE244889/GSE244889_RAW_library_pseudobulk_ledger.csv	941	258fcecc2ea6c5f323ef34f45d065b99052fa238229bf2165dc05a0b4da0431a	false
data/derived/module_scores_recomputed/GSE244889/GSE244889_RAW_module_gene_pseudobulk.csv	43751	4dbced287b7646e2a9c2cabd0a24b76b48dfbf27850d6522b227b71bfc51047e	false
data/derived/module_scores_recomputed/GSE244889/GSE244889_RAW_module_mapping_audit.csv	5396	e4a03f9c25728d5e879c7afb135473c36a670c22f67a6085378c0b18dfb64b70	false
data/derived/module_scores_recomputed/GSE244889/GSE244889_RAW_module_score_parameters.csv	613	eb32fd6f0443a56328b31fbde082b6dc7d6241af0daee8930fa1f827b84f4bea	false
data/derived/module_scores_recomputed/GSE244889/GSE244889_RAW_module_scores.csv	3178	c748e5411527dfcf866faffac98b4719b4caa60fec60f07223bb67fcba106f79	false
data/derived/module_scores_sensitivity/threshold_20/GSE229711/GSE229711_RAW_library_pseudobulk_ledger.csv	806	7b2445cbffed569e8491d56f7494a947e6822394e450476969182be5cb0f572f	false
data/derived/module_scores_sensitivity/threshold_20/GSE229711/GSE229711_RAW_module_gene_pseudobulk.csv	40281	cb137992695b80e37a8c3f40b0114a01cc35c5d256c47c4d35d3ceda2d991b16	false
data/derived/module_scores_sensitivity/threshold_20/GSE229711/GSE229711_RAW_module_mapping_audit.csv	4657	ddd97a69ba265e11c54e440d8cbfb71b10fba8a31cc58f35c0b533abf632968e	false
data/derived/module_scores_sensitivity/threshold_20/GSE229711/GSE229711_RAW_module_score_parameters.csv	595	f1c1b0cfa87b8f404cfcb88f65ca50b5401978316f5059e295045e4baf804347	false
data/derived/module_scores_sensitivity/threshold_20/GSE229711/GSE229711_RAW_module_scores.csv	2899	3b7c1fb67b7e99c0568cb63dc36bffed5c65c77cf32f5069303cbb621626c6d9	false
data/derived/module_scores_sensitivity/threshold_20/GSE230808/GSE230808_RAW_library_pseudobulk_ledger.csv	2211	28cf4f7a9bcd70a042ef211f12f0c85ad371e2641a0e7028372a0d80a2f09537	false
data/derived/module_scores_sensitivity/threshold_20/GSE230808/GSE230808_RAW_module_gene_pseudobulk.csv	120821	a0d7262da3d853be48e8f4cd95804ec40c762dee4a02b85e5a8352fa024591d8	false
data/derived/module_scores_sensitivity/threshold_20/GSE230808/GSE230808_RAW_module_mapping_audit.csv	13681	ab1dde4fde6001e19ba3955aec79f1c1eb83b94738d303cf53ac5d70aa552dae	false
data/derived/module_scores_sensitivity/threshold_20/GSE230808/GSE230808_RAW_module_score_parameters.csv	595	2193329682a8de7370c440413e08d431d1e00c429a8474c3f20e2a0f8eed8d1b	false
data/derived/module_scores_sensitivity/threshold_20/GSE230808/GSE230808_RAW_module_scores.csv	8411	13c4c5dd975a20e4c2489eb741636a02774a81b8556a4dc7f5f666a8a8a57ea5	false
data/derived/module_scores_sensitivity/threshold_20/effect_summary/README.md	2243	a7918207939ddd0fc17b0e5c9c2a0b978126c5d70ec74fa80951949118c45929	false
data/derived/module_scores_sensitivity/threshold_20/effect_summary/cross_cohort_direction_consistency.csv	4726	bdedf0c9bab44944eeaf72b693055f2715e283859248b77a7e903de4ec6081b5	false
data/derived/module_scores_sensitivity/threshold_20/effect_summary/donor_module_effects.csv	9100	a5c29c9793e06daae9e74451222ce2c4916efdb379a7cd2a670ecea14976d631	false
data/derived/module_scores_sensitivity/threshold_20/effect_summary/donor_module_group_descriptives.csv	8280	8ea937c3f169db7a239fb1f0ca71dce3e0f16a4aaba7231a05260644346d81c4	false
data/derived/module_scores_sensitivity/threshold_20/effect_summary/donor_module_leave_one_out.csv	34266	0c9852d5d2709edd80d1eee6fe857c7e027714e2345968b55c8715414ba163b6	false
data/derived/module_scores_sensitivity/threshold_20/effect_summary/resolved_contrast_spec.csv	1569	b4fd9dab1d4e05c1bcb0c839adc22073f1d2efa70312b3a40da5e48f44a29b1e	false
data/derived/module_scores_sensitivity/threshold_20/effect_summary/run_artifacts.csv	755	cea9459b4e488b63baa4228c5643d30fe048d9a552628c78e34a4c5ecc410d34	false
data/derived/module_scores_sensitivity/threshold_20/effect_summary/run_manifest.json	6481	d46ed2bc214514bd13de4eeee9985ae754d1addfcf92198c76067829f7679763	true
data/derived/module_scores_sensitivity/threshold_20/effect_summary/run_parameters.csv	1439	109ffe35629f4bb8124fe1d6c4df262fbcc874e64b0fd8b73f1fd1e79b6a5596	true
data/derived/module_scores_sensitivity/threshold_20/effect_summary/score_ingestion_audit.csv	471	821293b11c11facc11ff7a3679d894901996da6f320bb1427a812c9477eff0f2	false
data/derived/module_scores_sensitivity/threshold_30/GSE229711/GSE229711_RAW_library_pseudobulk_ledger.csv	806	7b2445cbffed569e8491d56f7494a947e6822394e450476969182be5cb0f572f	false
data/derived/module_scores_sensitivity/threshold_30/GSE229711/GSE229711_RAW_module_gene_pseudobulk.csv	40281	cb137992695b80e37a8c3f40b0114a01cc35c5d256c47c4d35d3ceda2d991b16	false
data/derived/module_scores_sensitivity/threshold_30/GSE229711/GSE229711_RAW_module_mapping_audit.csv	4657	ddd97a69ba265e11c54e440d8cbfb71b10fba8a31cc58f35c0b533abf632968e	false
data/derived/module_scores_sensitivity/threshold_30/GSE229711/GSE229711_RAW_module_score_parameters.csv	595	4ec17981b53283e37a6ff1e7ece8c342333c2b10858a3ceab2f436fab5c754cf	false
data/derived/module_scores_sensitivity/threshold_30/GSE229711/GSE229711_RAW_module_scores.csv	2899	3b7c1fb67b7e99c0568cb63dc36bffed5c65c77cf32f5069303cbb621626c6d9	false
data/derived/module_scores_sensitivity/threshold_30/GSE230808/GSE230808_RAW_library_pseudobulk_ledger.csv	2211	28cf4f7a9bcd70a042ef211f12f0c85ad371e2641a0e7028372a0d80a2f09537	false
data/derived/module_scores_sensitivity/threshold_30/GSE230808/GSE230808_RAW_module_gene_pseudobulk.csv	120821	a0d7262da3d853be48e8f4cd95804ec40c762dee4a02b85e5a8352fa024591d8	false
data/derived/module_scores_sensitivity/threshold_30/GSE230808/GSE230808_RAW_module_mapping_audit.csv	13681	ab1dde4fde6001e19ba3955aec79f1c1eb83b94738d303cf53ac5d70aa552dae	false
data/derived/module_scores_sensitivity/threshold_30/GSE230808/GSE230808_RAW_module_score_parameters.csv	595	7b072df63c6ea2f67a88d125561d6c48d55d9e9c0d1646bba863a6ad98360af9	false
data/derived/module_scores_sensitivity/threshold_30/GSE230808/GSE230808_RAW_module_scores.csv	8411	13c4c5dd975a20e4c2489eb741636a02774a81b8556a4dc7f5f666a8a8a57ea5	false
data/derived/module_scores_sensitivity/threshold_30/effect_summary/README.md	2243	a7918207939ddd0fc17b0e5c9c2a0b978126c5d70ec74fa80951949118c45929	false
data/derived/module_scores_sensitivity/threshold_30/effect_summary/cross_cohort_direction_consistency.csv	4726	bdedf0c9bab44944eeaf72b693055f2715e283859248b77a7e903de4ec6081b5	false
data/derived/module_scores_sensitivity/threshold_30/effect_summary/donor_module_effects.csv	9100	a5c29c9793e06daae9e74451222ce2c4916efdb379a7cd2a670ecea14976d631	false
data/derived/module_scores_sensitivity/threshold_30/effect_summary/donor_module_group_descriptives.csv	8280	8ea937c3f169db7a239fb1f0ca71dce3e0f16a4aaba7231a05260644346d81c4	false
data/derived/module_scores_sensitivity/threshold_30/effect_summary/donor_module_leave_one_out.csv	34266	0c9852d5d2709edd80d1eee6fe857c7e027714e2345968b55c8715414ba163b6	false
data/derived/module_scores_sensitivity/threshold_30/effect_summary/resolved_contrast_spec.csv	1569	888738b285539fcf1d5ea1bc22ef8320c0686f3120229481c0c48f15fe2a2564	false
data/derived/module_scores_sensitivity/threshold_30/effect_summary/run_artifacts.csv	755	cea9459b4e488b63baa4228c5643d30fe048d9a552628c78e34a4c5ecc410d34	false
data/derived/module_scores_sensitivity/threshold_30/effect_summary/run_manifest.json	6481	00f88fdc0d5e61ef62c362df024c2746e92cbb97418b851bed5ef250343ce00a	true
data/derived/module_scores_sensitivity/threshold_30/effect_summary/run_parameters.csv	1439	eb680d4792af46659108fee7d428e0282629e3098a40d41b3c481f2b95057015	true
data/derived/module_scores_sensitivity/threshold_30/effect_summary/score_ingestion_audit.csv	471	821293b11c11facc11ff7a3679d894901996da6f320bb1427a812c9477eff0f2	false
data/derived/module_scores_sensitivity/threshold_50/GSE229711/GSE229711_RAW_library_pseudobulk_ledger.csv	806	7b2445cbffed569e8491d56f7494a947e6822394e450476969182be5cb0f572f	false
data/derived/module_scores_sensitivity/threshold_50/GSE229711/GSE229711_RAW_module_gene_pseudobulk.csv	40281	cb137992695b80e37a8c3f40b0114a01cc35c5d256c47c4d35d3ceda2d991b16	false
data/derived/module_scores_sensitivity/threshold_50/GSE229711/GSE229711_RAW_module_mapping_audit.csv	4657	ddd97a69ba265e11c54e440d8cbfb71b10fba8a31cc58f35c0b533abf632968e	false
data/derived/module_scores_sensitivity/threshold_50/GSE229711/GSE229711_RAW_module_score_parameters.csv	595	d7be371db6522fc86290418716aba6f83fbfa14887099e4d58a42d0eff2e3a41	false
data/derived/module_scores_sensitivity/threshold_50/GSE229711/GSE229711_RAW_module_scores.csv	2899	3b7c1fb67b7e99c0568cb63dc36bffed5c65c77cf32f5069303cbb621626c6d9	false
data/derived/module_scores_sensitivity/threshold_50/GSE230808/GSE230808_RAW_library_pseudobulk_ledger.csv	2211	28cf4f7a9bcd70a042ef211f12f0c85ad371e2641a0e7028372a0d80a2f09537	false
data/derived/module_scores_sensitivity/threshold_50/GSE230808/GSE230808_RAW_module_gene_pseudobulk.csv	120821	a0d7262da3d853be48e8f4cd95804ec40c762dee4a02b85e5a8352fa024591d8	false
data/derived/module_scores_sensitivity/threshold_50/GSE230808/GSE230808_RAW_module_mapping_audit.csv	13681	ab1dde4fde6001e19ba3955aec79f1c1eb83b94738d303cf53ac5d70aa552dae	false
data/derived/module_scores_sensitivity/threshold_50/GSE230808/GSE230808_RAW_module_score_parameters.csv	595	23ba100484b01d4ebf2cb6a3c85bfa8c7a771e4aa42d8cce4b12292f64fbe305	false
data/derived/module_scores_sensitivity/threshold_50/GSE230808/GSE230808_RAW_module_scores.csv	8411	13c4c5dd975a20e4c2489eb741636a02774a81b8556a4dc7f5f666a8a8a57ea5	false
data/derived/module_scores_sensitivity/threshold_50/effect_summary/README.md	2243	a7918207939ddd0fc17b0e5c9c2a0b978126c5d70ec74fa80951949118c45929	false
data/derived/module_scores_sensitivity/threshold_50/effect_summary/cross_cohort_direction_consistency.csv	4726	bdedf0c9bab44944eeaf72b693055f2715e283859248b77a7e903de4ec6081b5	false
data/derived/module_scores_sensitivity/threshold_50/effect_summary/donor_module_effects.csv	9100	a5c29c9793e06daae9e74451222ce2c4916efdb379a7cd2a670ecea14976d631	false
data/derived/module_scores_sensitivity/threshold_50/effect_summary/donor_module_group_descriptives.csv	8280	8ea937c3f169db7a239fb1f0ca71dce3e0f16a4aaba7231a05260644346d81c4	false
data/derived/module_scores_sensitivity/threshold_50/effect_summary/donor_module_leave_one_out.csv	34266	0c9852d5d2709edd80d1eee6fe857c7e027714e2345968b55c8715414ba163b6	false
data/derived/module_scores_sensitivity/threshold_50/effect_summary/resolved_contrast_spec.csv	1569	150d589327b181ae853fa1290fe499d6f99bbf59af2320e621f723ce1fd4795a	false
data/derived/module_scores_sensitivity/threshold_50/effect_summary/run_artifacts.csv	755	cea9459b4e488b63baa4228c5643d30fe048d9a552628c78e34a4c5ecc410d34	false
data/derived/module_scores_sensitivity/threshold_50/effect_summary/run_manifest.json	6481	9b451cad5406a45c0c9bb2704be573f3468d9ea508f21a751c29bf1589a03e50	true
data/derived/module_scores_sensitivity/threshold_50/effect_summary/run_parameters.csv	1439	7d6e1f87574036c84f81a5483e3b6d8657c2f1deddfd372e19d170a3c0c79d05	true
data/derived/module_scores_sensitivity/threshold_50/effect_summary/score_ingestion_audit.csv	471	821293b11c11facc11ff7a3679d894901996da6f320bb1427a812c9477eff0f2	false
data/derived/np_exploratory_meta_analysis/README.md	2038	a98547d3939544af4992bb1c31390f029d3bb542a61998e3a0741be408ae3b40	false
data/derived/np_exploratory_meta_analysis/meta_analysis_manifest.json	2629	fc953c3feef29a435ebcf929364b624cbace94752d1bff2a65865ff2c8670e76	false
data/derived/np_exploratory_meta_analysis/run_parameters.csv	912	350405414133a01764deefbfb253ed5c859a29df7330314dfb8ddd7af8493506	false
data/derived/np_post_hoc_external_expansion_meta_analysis/README.md	2226	fa74c1458e0c05e44205427c7279bba896bc428c88cba4594f1c1af48505e846	false
data/derived/np_post_hoc_external_expansion_meta_analysis/meta_analysis_manifest.json	3217	a9beb911e4c6bb72f13cc194006ded510fac00ac659ebc04132cf954cc6f1df6	false
data/derived/np_post_hoc_external_expansion_meta_analysis/run_parameters.csv	1318	916bf199b9ef11b397c5403006233bd68ec2228111277d3c9659eb33763abe3f	false
data/derived/np_source_family_replacement_meta_analysis/README.md	2299	616b0362e0eb2a76a59127aaa5d9af7a92e18ae99d065c0ce5b667d47d6f54aa	false
data/derived/np_source_family_replacement_meta_analysis/meta_analysis_manifest.json	3366	974c05c0dc0068bd32d8c4284b89e06e21b3a1e8137e79a15c32357671b1abae	false
data/derived/np_source_family_replacement_meta_analysis/run_parameters.csv	1425	30cfa12065192f4886aa4852cfc9478ff7f7c773b49a8001311a03a673119b8a	false
data/derived/program_module_ledger.csv	2092	f3254c86a77d6e6e57e1880d13fd1e08fd24bb1f162cbe7defdd685fcf0eba1e	false
data/derived/qc/GSE229711_RAW_cell_qc.tsv.gz	997197	cdf65ec004e8c0eef733bc8a4b0b5d33cbf67d130d547518837afdd3f5adf781	false
data/derived/qc/GSE229711_RAW_donor_qc_sensitivity.csv	786	ed3f5c1cec42d43215122f6ce0c40c46b4b3fa2f8b928bdbfae437c875df00e9	false
data/derived/qc/GSE229711_RAW_library_qc_summary.csv	1751	9947679114c8b59a2b589a1271bfc9f8e836a6e8cf45e4128e52576451718bdf	false
data/derived/qc/GSE229711_RAW_qc_parameters.csv	261	d2e3d8afb55fc4b3c4d17f1b2c54870cffefe3e49db3c511315de3078f6fe27f	false
data/derived/qc/GSE230808_RAW_cell_qc.tsv.gz	1513625	f70bc81e628738e157e245db80c00138eaf06ea89bdc04c5b5d16d74f6174c1a	false
data/derived/qc/GSE230808_RAW_donor_qc_sensitivity.csv	2050	0623a1f43897c9a80e23d601c5cabd8eb9119fb8240e8d703468d3610d9e9132	false
data/derived/qc/GSE230808_RAW_library_qc_summary.csv	4811	e51b6405b81286509413613304f93042d9ae0ad574899c2f4559d9f1109f5cc3	false
data/derived/qc/GSE230808_RAW_qc_parameters.csv	261	76b9b86c21d3d2744035f9e370eca2ca62e2b8fc09a10a982f608810b7d8b0b4	false
data/derived/qc_external/GSE244889_RAW_cell_qc.tsv.gz	1030433	493f4df3450c50641a479961c2d5a30d1f3da9b267c79d9936bca4058a68f17d	false
data/derived/qc_external/GSE244889_RAW_donor_qc_sensitivity.csv	850	26f7f5586e8e727610356120a162689845a972a6da3c968b245abf5e64dd5897	false
data/derived/qc_external/GSE244889_RAW_library_qc_summary.csv	2113	1e7fc1f29f12a59e1137a154846d8396b1fb74d91b0803c5efaf39f96ebd15e1	false
data/derived/qc_external/GSE244889_RAW_qc_parameters.csv	264	aa79b8e7f5f85f7fc50766f38baa4bf679ebc20ccb3584939f930631c953d05b	false
data/public_data_manifest.tsv	12098	323ac1dfef650bd3c389f864e09c700b94646a3faa6fcc871a1618baab441bc0	false
docs/00_analysis_protocol.md	15957	871e0ab20a30b50fd5c0dee35489db645595dc2c799c7d4f2fe49eb6c41ec52c	false
docs/01_data_provenance.md	9119	2f222f191c604e8b31997d0f0c80c293c795835208fe4e8ed2a1a89144aa7676	false
docs/02_environment.md	1796	765ed56ecf50856546d08eadc6dd24d83843b5e1e222847d239c1d95850d4e82	false
docs/03_data_audit.md	7512	8fa53ef4842e8b917b296ce821610b223aab21c9674a83efb5697df86c58a415	false
docs/04_literature_positioning.md	2620	db189bfb81858c14d266373d26a32c8203cfa88d60f0753f58d22c50479b16b3	false
docs/05_GSE165722_readiness_report.md	2021	7c8cfd6f2560dca0c5b94ecc956646cf0f53634bea880e083ad6fda0c2aafa03	false
docs/06_evidence_ledger.md	2625	3cc79995549c0e030a89851a70d2074f15ed0ce9fe5f5568946f4b31095c22b9	false
docs/07_GSE230809_discovery_readiness.md	2770	25b8e5f7465074cee0bec35114f52c27a1ed199dfbc7220f3c53e60fe6d46ad6	false
docs/08_GSE165722_descriptive_qc.md	1284	608a449ab225dab3b499b991a8401be1180aad7621d591bf750bbe68ace8bfeb	false
docs/09_program_module_lock.md	965	5f3831a6e16ed777b23e29d1aa7d582edd98c11cfacd67735978732eece327d5	false
docs/10_GSE153066_readiness.md	4534	322a40c1b8456f814f6674c7f2658836cccc1c2b52c2497e8b2f94eef21328e3	false
docs/11_GSE244889_readiness.md	6935	20fee6cf8977444d765b936e07cdd4dc856647e53b6bfa40ce79009b920d1002	false
docs/12_GSE251686_readiness.md	13296	0e004759186dd7e22a22b69ddf9af7b2134a4e9b9f1b6bf71729d7cf8f7c5738	false
docs/13_annotation_protocol.md	3856	153416785190ef16d7e3c42cf8ef7cf2b75b3306eac53ba9f6843c3b9f9703e4	false
docs/14_module_scoring_run.md	2801	a37ca48633fbefb42b5f1c0f0d915a95355f906067385aa289687a82ece32c8c	false
docs/15_GSE165722_score_level_readiness.md	4209	119978c5304097e08ed493190b3e1e8d63307b1b69610f7ae21f419c8da638a6	false
docs/15_research_quality_audit.md	10435	4454093bfd545afd1410d4a9230166a3b456a80382caa98661db31ef783613ae	false
docs/16_discovery_retained_cell_sensitivity.md	3555	8212435afb3ca6fe449d0ae45df31a1aca32c1765979be962b03fa9b287ff459	false
docs/17_results_summary_brief_zh.md	7540	5bc884eeb70fe19c987ba7e1afc3fdf733d81f4e057e3e741d3473023ce7e710	false
ivdd_results_viewer.html	3553674	6424bd61e8b2b2b52e0eb889c1b0a10576706358a86aaaf5396939311071ad3d	false
manuscript/01_topic_brief.md	3454	60ef67d954d43c92eb77016addc8496ae83dd267826717935d6099d11797d6f4	false
manuscript/02_evidence_map.md	2822	577b92edec05569e13b4707e2b0c962d821908f9ce69cc736ccd32b422f86f85	false
manuscript/03_outline.md	8258	0690c4045798d29d8f656984ec209e1793a0f560ccb8dcac7b5178b7f1cabccc	false
manuscript/04_manuscript_draft.md	24945	b21e59cdce6dffe1289787751046b78e2ec4a8f164f9e8d722ca2b21e4baf7b6	false
manuscript/05_submission_readiness_checklist.md	6556	9b59c1bd4d4ca2e7f24d06ed04005202086e08877421bf3e3c00223fd2186fcc	false
manuscript/citation_audit.md	7753	de81fbf669ab92f3086348c89e6abaef297f919312cdcb33df918472265caa1c	false
manuscript/citation_validation.json	149	833952d514612790058031d8b8bbafb0f74c4c3c8b61d51b0340e90da8e2cf88	false
manuscript/citation_validation_final.json	149	833952d514612790058031d8b8bbafb0f74c4c3c8b61d51b0340e90da8e2cf88	false
manuscript/formal_submission/IVDD_cohort_aware_manuscript_EN.docx	1189518	50b748358f1fc4d7b1cbe68a32050f1685b7748aec52f94c3060d1f21529551a	false
manuscript/formal_submission/IVDD_cohort_aware_manuscript_EN.md	34213	496ec672e8caf9b1c6579897d07249fd0fb1c7e0bce01f5b62c6cf4e3d2cef3f	false
manuscript/formal_submission/IVDD_cohort_aware_manuscript_EN.pdf	1725832	212308973595903683a90940c44ff49a66b2b4254fc01a2ce24199961c1d46bb	false
manuscript/formal_submission/IVDD_cohort_aware_manuscript_ZH.docx	1190802	6f9d1def9e63c2eb9df62d0580b89fcfb9e92976873e7e6f1f733c87b6e900b7	false
manuscript/formal_submission/IVDD_cohort_aware_manuscript_ZH.md	30719	a8c024a5ba8ac1bbc3fe752a3f306534e33127b75a056729ba76a51d30285f90	false
manuscript/formal_submission/IVDD_cohort_aware_manuscript_ZH.pdf	1819109	1a7e48e3ce9ade9db6346ee2d1a5b71b3c4582ed1079a9387959ca9cacebb022	false
manuscript/formal_submission/README.md	701	ec2d9cf7266e1189f615f887b89c45b930400cd6be4cbdd2bc892c49c759a09d	false
manuscript/formal_submission/TERMINOLOGY_LEDGER.md	1321	2ded7619bbd2a4ab4d89ac91b6595ad3e80d533adf577ec82b2515056f21a07e	false
manuscript/formal_submission/chinese_manuscript_body.md	21477	320e4a61b53f6c38ab4693135de83c8881b3782d46262afa36f4406e9ea6e273	false
manuscript/formal_submission/formal_figures/figure_1_np_cohort_module_effects.pdf	34003	f459629eb6b23a132b2623ebc8cec11f483e8b2d0db2003083dcd879e5ad2906	false
manuscript/formal_submission/formal_figures/figure_1_np_cohort_module_effects.png	572425	31a897545ac575d0b2993588da5de78939408bbebe3ba62145520e9a83abd811	false
manuscript/formal_submission/formal_figures/figure_2_np_direction_alignment.pdf	28647	953b5e2b578a34af4bed7ab6437efe3fab9c77255b0503bef0e8b4451a2b0cef	false
manuscript/formal_submission/formal_figures/figure_2_np_direction_alignment.png	317158	d7143e18abb8e220ee19c9cfce733144469ea18fe7f9e32dd5badb610899e398	false
manuscript/references.bib	15014	5a511c773277e1da7cb983273b1274eeb8ff5b7b41621d7cdec4390fa7b4c3fa	false
results/figures/figure_1_np_cohort_module_effects.pdf	36853	9dbf72e3ad4ddbc309b8a0444af9f43588ea28f19e9c5798ee4624533e41bfb4	false
results/figures/figure_1_np_cohort_module_effects.png	562982	3332d5653cd903f425d5218aa32636c280c6c521ca2d46fb1dc631120c3c8ed0	false
results/figures/figure_2_np_direction_alignment.pdf	31475	ab4c9550a53edb5e09b1bd9146c262b9bd05e33e0b9c05202f7609bb9a12364d	false
results/figures/figure_2_np_direction_alignment.png	366344	84131d868a651c0c2c2b4c5d215a031da377987c23e8e404aca16bdf02dda6ca	false
results/graphical_abstract/graphical_abstract_cohort_aware_ivdd.pdf	32477	712db871c2000a76b27461c6e13ab40285ef8025e9bc1245699cfca567077752	false
results/graphical_abstract/graphical_abstract_cohort_aware_ivdd.png	512965	85250942898d74dd5818f7280f3e13eb23331d4daefc1c5c958ad7c30975b559	false
results/submission_support_manifest.json	11703	16683ad929c97028d6469b6506d87185696ad00e7c08838996ef36167e3a2018	false
results/supplementary_figures/supplementary_figure_s1_gse251686_exploratory_sensitivity.pdf	34838	a60712ebf402c874cff4ebbeecbf058c203828180cc45b97e9b19838570ef16b	false
results/supplementary_figures/supplementary_figure_s1_gse251686_exploratory_sensitivity.png	373949	55b281cfe2cb9c0cc165ece9af5d007ac0a671b4e4aa467efd5fb178142ce0f0	false
results/supplementary_figures/supplementary_figure_s2_cohort_disposition_and_analysis_boundary.pdf	32831	55c23c6cc95449b5fb6aafb7d5bcb1ddb2864bd096a02fa5d33041200806863d	false
results/supplementary_figures/supplementary_figure_s2_cohort_disposition_and_analysis_boundary.png	613669	12367dd8c30383856058d403449ff08175cdd2f50e0d5ce2d972e570dea09605	false
results/supplementary_figures/supplementary_figure_s3_np_exploratory_random_effects_meta_analysis.pdf	6726	0e277214de111ea61548bcb80b331a9f9d947f99fe8debd6f773675f1a470dac	false
results/supplementary_figures/supplementary_figure_s3_np_exploratory_random_effects_meta_analysis.png	200980	1b09e47fbf2a8d4d231640acb5ec8f0ad998f32a2ddf49f3e1129c051a48811f	false
results/supplementary_figures/supplementary_figure_s4_np_post_hoc_external_expansion_meta_analysis.pdf	7017	16a6d6123b181c85332d84d259c1bf2590c2a2ba7ea5608b080e7a3ee05f18d2	false
results/supplementary_figures/supplementary_figure_s4_np_post_hoc_external_expansion_meta_analysis.png	238431	b9c0dfcabf7db21a8de9d2c0a1b22e6553a302be16a850ee57f98b38ed502a76	false
results/supplementary_figures/supplementary_figure_s5_np_source_family_replacement_sensitivity.pdf	6996	f4ace9700394bf68d0346a053c086c0b85429621fd363da99b2b0785bbd1b04c	false
results/supplementary_figures/supplementary_figure_s5_np_source_family_replacement_sensitivity.png	236518	a9d9a66c4fda47035670936ad137b9924d91009d333b6242513b7fcca0ab0b6d	false
results/supplementary_tables/README.md	2556	19367d09385d4000defd7b700ecb33765c6625ef4fee04b203e918499e4702f2	false
results/supplementary_tables/README_submission_support.md	1998	f1b7951f8005a2405bf2b7d606cba61552148c30442936beed6a836020a6e1a1	false
results/supplementary_tables/run_artifacts.csv	449	602ab4a48552201f9ca69e28d99132710edb07695109c7cc0c14f7e9a2e4bac8	false
results/supplementary_tables/run_manifest.json	1275	7dca888634a6bb6aa5bdcd193b58afd0426bb4e2cabbc043b7b7a2a80f182ba4	true
results/supplementary_tables/supplementary_table_s1_gse251686_exploratory_effects.csv	1480	e61f700e1aaf01434c534ba12303f97dced5369bf8a3df8cd45421ccce47be5a	false
results/supplementary_tables/supplementary_table_s2_cohort_disposition_and_identity.csv	1783	52359964e48c32180e40f61d23dbd1fba81fcdb5d4c3a77d85069cb3aad84045	false
results/supplementary_tables/supplementary_table_s3_locked_program_modules.csv	2108	8ebbb75825f70116ffa173be886b8133e19db89432f72554dfd06b04dabe8f8b	false
results/supplementary_tables/supplementary_table_s4_default_leave_one_key_out.csv	77594	ad06ce717f55df1b6d711f5cf2f907a423be2955d794f7054e4b5765147995d8	false
results/supplementary_tables/supplementary_table_s5a_discovery_threshold_summary.csv	803	a181a5245ebda101917c570f07af74c050edab536bf856bc2176225e3daab075	true
results/supplementary_tables/supplementary_table_s5b_discovery_threshold_effect_stability.csv	9091	9b8c45b9249147996ab0cef7d8baf9a414ecfebd8244522978c0ed8d8daa8484	false
results/supplementary_tables/supplementary_table_s6_reproducibility_contract.csv	3489	437ef5f5c49230d197f55e3bed09b98d9ad0b547a362710dc7116f20d9c6071b	false
results/supplementary_tables/supplementary_table_s7a_np_meta_analysis_study_effects.csv	12217	f6550acf8298f54b80a4d77d7c92a0786696e8f407a8b44983f799a5a6ee3be8	false
results/supplementary_tables/supplementary_table_s7b_np_meta_analysis_primary_results.csv	2231	35d4192b667b188ec6221fd290ed4c4c21913df9aa9772e254a9ef14bd158a60	false
results/supplementary_tables/supplementary_table_s7c_np_meta_analysis_model_sensitivity.csv	3660	9c465c3e1701ea02d7422178a6f62d9c7740ef2e8bea28ef641d8d15481ebc82	false
results/supplementary_tables/supplementary_table_s7d_np_meta_analysis_leave_one_cohort_out.csv	7547	0c7390a2fab42d3d47932160aa36da386e12b0fe73d494b8633ff90e6b35858b	false
results/supplementary_tables/supplementary_table_s8a_np_post_hoc_external_expansion_study_effects.csv	20915	ce32a67f90379f1821cdaf6fbf9115c20cfaa60b7b5c6ea9790d9494806d739b	false
results/supplementary_tables/supplementary_table_s8b_np_post_hoc_external_expansion_primary_results.csv	2275	09021b5574da160224fcecf561bdf1e3c4d699ede8ea82d00b17cb04e175f382	false
results/supplementary_tables/supplementary_table_s8c_np_post_hoc_external_expansion_model_sensitivity.csv	3581	648b4cdb79087bc5a2eb13d387bcb44642385e046f3f3842f78843e72bc29c45	false
results/supplementary_tables/supplementary_table_s8d_np_post_hoc_external_expansion_leave_one_cohort_out.csv	11367	0c50558c367bf609a1e5bb8c6e7ca1c8643f3fe5b3ab1fc159ff7f497949b079	false
results/supplementary_tables/supplementary_table_s9a_np_source_family_replacement_sensitivity_study_effects.csv	20835	300a7fc07ca1c56b9d5b6739f501d2b1434ad9917d87ed4ab92acd7d26d343a6	false
results/supplementary_tables/supplementary_table_s9b_np_source_family_replacement_sensitivity_primary_results.csv	2423	91aef474fc2d8911a122decd2689d5bfc220ec0676b0b2286accaa412d90633d	false
results/supplementary_tables/supplementary_table_s9c_np_source_family_replacement_sensitivity_model_sensitivity.csv	3753	dc2859b6688b7fb9bec5bec2c63f1bb9908b30a6a85bff9bf331bbe2637df3e7	false
results/supplementary_tables/supplementary_table_s9d_np_source_family_replacement_sensitivity_leave_one_cohort_out.csv	11978	da29a6fcaec91474315282b69f22394a1ef904efdc513d56a7aafb678ac79d15	false
results/tables/README.md	913	40b43d67518f30782930443d41f7189f119073c2ebd527fe410ff6ac98dc9324	false
results/tables/table_1_current_cohort_roles.csv	1410	0d1e097ac5329f1871d3ad5f16ccc21bfb03b83c271b739545c13f4d7635aa37	false
results/tables/table_2_np_module_effects.csv	6543	38796c175c5c2d0a70964d5816f530e6e3c011bff9bbf23f9e70887479dfd349	false
scripts/annotate_10x_qc_cells.py	11680	a147a643093a62489d97eeaff07dec209995ae1eea27e53ae5e7867b1dd7bc07	false
scripts/audit_10x_tar.py	5019	f8cff65cf5168b54a26210f3a6846ed59fec2cb9868823ce41b791d906325fe3	false
scripts/audit_geo_candidate_cohorts.py	26018	01632f6b01da9a8cd8543ac86c07836460ab0d16cfc97ab8a661311a7c080d9d	false
scripts/audit_gse153066_count_matrix.py	12793	d4d09ac2e95410d2f2a9f359ed9fe94508667925005adad2d285bf8dbb89ba7e	false
scripts/audit_gse165722.py	7530	b397ef38eb6ef39a5d86da9b903e1176635b24c1dffa71027111ec760880d905	false
scripts/audit_gse244889_assets.py	13236	e03c3bce571f88995eea4e3801d3a24e59667f58e4140d744c90cb27edd19ed9	false
scripts/audit_gse245147_native_subset.py	10368	098e0e927820d4aec39307652eb449e6f9e42b382cf0fbef9dc6aa15a5e8f0d0	false
scripts/audit_gse251686_filelist.py	3582	45e7b882079fdeea1b9ffe203c985d16a8a8cb3e45e79fa7643d71dc0d8aa3fa	false
scripts/audit_gse251686_gsm7986002_header.py	20788	3831683b4e1fd8049c0ce6ff0be1f21ba301bb0725b2de579627113ff6003a13	false
scripts/audit_gse251686_matrix_identifiers.py	4804	dc9b46b012a49e4800e6561afc336bea0149fd9618da449d1158d999138c2f33	false
scripts/audit_gse56081_probe_annotation.py	21855	ad02a268910b30a30ad6ccd2efc873b616ffdfc822722dde671d9748a824373c	false
scripts/audit_gse56081_probe_specificity.py	26509	effc58429f632f8d39e3706dca971773780a79bf4d9effe1aaa1631aee618cc9	false
scripts/audit_nested_10x_tar.py	4963	3786cb28faff28ed115af22165f52c12dd191444622b448a26eceb16946d8f51	false
scripts/audit_nested_matrix_stream.py	10146	08f3ce711ff38e98bdd18103d09da97b1141f1466ccd56d4fde1d05b3aefc3fa	false
scripts/audit_public_release.py	5172	a79dc5770d528695f6efa47705c2114833b213c8426c7ce5c73dae1269c68997	false
scripts/build_discovery_sample_ledger.py	3735	48566886efdc617ce28fe8813a55b0645bf464b1210ee9aa62fa32c51ebf7710	false
scripts/build_formal_manuscripts.py	50480	5677b25df935e9a4e9b36eea7426656bdff4e3cddf78b4929c5f98414f0f5cc3	false
scripts/build_public_release_snapshot.py	6925	a03988bb31b57bbe7a9b0d4647fba38eb770da90aa4da0aa63316ed571f1da26	false
scripts/download_geo.ps1	6340	6ab0e834fc0777bf7fb7d57aeacfc7130bb68ceab3592770697fe25384318929	false
scripts/export_formal_pdfs.ps1	2199	b01b4bfa3399339ac9959988e1d2f9b9250414ac4141d96f1b0b319279fe26c6	false
scripts/fetch_public_data.py	9492	c894856fcef5ff77940110a206870dc307b965f80692a9d2299552ec96963540	false
scripts/inspect_geo_archives.py	1924	98fbd811e449a5c7aeb45e0f34d5f334209533936eba36185e44da4e5cde9388	false
scripts/lock_program_modules.py	1910	230091e36dc46ad7c39cfa84b0afea98c7f1135be98a612362360b9fd75b10f3	false
scripts/make_current_summary_deliverables.py	21260	7c2d1c52f2c0007e0cc587f13b1249248a43251e29a560c5b25073e971cfe5ce	false
scripts/make_discovery_raw_ledger.py	1615	faaf0c0c12323f1272de3d55464238e886949a5bd42bb1599cb0e056b7e5ec64	false
scripts/make_gse165722_ledger.py	2998	6e9bd7aa8447158aebf822122ca1fea38ca9ac0952387af2f682f0c29277ca92	false
scripts/make_gse251686_ledger.py	13951	5083d24abd535e95d59a0206c3f31994b00ff4ad518fc5176ab3b70705d4db18	false
scripts/make_gse251686_supplement.py	18205	db51ca96af7e2f69c85adfbe1059f865113c586bffbbbc8c07d8fa4463585a6b	false
scripts/make_results_viewer.py	18593	86daaaa6dbdad4447700f0dbfae5f389dfaae066b01c3d2dd936165582e54d28	false
scripts/make_submission_support_deliverables.py	40004	c6fad7fbf92705ccc950faa6b46110987a1dde316eabc6b3bc59e48e058ff62b	false
scripts/parse_geo_soft_metadata.py	4494	d6767ac7a386663def0a4fd21b58d672acc61a4839cc4187aa24fa34373de21e	false
scripts/qc_10x_archives.py	13495	f3f90584f4956674c05cd58039dff678cd936e27050b71d441fca4745e5d33b7	false
scripts/qc_gse165722_processed_matrix.py	5521	6deeafef013034bb10677d5d5332ac7b589bc325b5e287fb74e1456e48268432	false
scripts/qc_nested_10x_archives.py	7891	2bd73b1a0e01b14b49c2ae098b2919d0ac009a8d16d8e63b8f39fc8d98eaf8c4	false
scripts/report_gse165722_audit.py	2940	10a8a4bde0cfbb6e25dafd7e7f61d8c290068fc60daf876525a2a641c6842f8f	false
scripts/report_gse165722_descriptive_qc.py	2797	4d373749385110d46d903409c3d8538b03d0b2e64eabb1c79c96ad1edb043488	false
scripts/run_np_exploratory_meta_analysis.R	22892	0391baa0618fd2e8e7cefd4d311a428d965b53cfa326ca9bfd3d53a0f740aa80	false
scripts/run_np_post_hoc_external_expansion_meta_analysis.R	30779	d2a69b933867cb1fcfd3a6c2b34c220a7e2b2e5a012402c6813a9278273ba73e	false
scripts/score_dense_matrix_modules.py	11474	327bbb4bebdd29ab82559f697f68b51f9a223abd00ef895f9b886a4fe65d06cb	false
scripts/score_external_human_np_bulk_candidates.py	23298	1daf8bd33e23c8383fb229e93b1ae07f9857b7fd92b0c621113a851831603d0e	false
scripts/score_gse165722_processed_modules.py	16312	162c608486faee2287dd685644d408660d0dee51f694afd74925409257dcbfa5	false
scripts/score_gse251686_exploratory.py	30052	f81eb07832c462ca7d35562b36e5d7c758287d00e38dd60faf906a395407903c	false
scripts/score_module_pseudobulk.py	20053	d9ff86b11c7427d689fd9fc3c655d5c52160161257134e9ba709021c9943e67e	false
scripts/score_nested_10x_modules.py	12048	6de2e16ff56c53635d7c14453a425e1753b8291a5f53d361e5fc6bde728f60db	false
scripts/summarize_discovery_retained_cell_sensitivity.py	16287	2efa8736e8c4d5ac41f64f5429e391405092ce13258be9bfce95f0edcab0de92	false
scripts/summarize_donor_module_effects.py	68587	f3f71b88e2ac67a80181bda5af68b5788ff742d5583d4b2e13c1cf548806e4f4	false
scripts/summarize_gse251686_exploratory.py	33467	71ee96741c437942865d898d64c3fa61ae8886fd914e6dfe2900bd8888a77aa6	false
scripts/verify_10x_tar_matrix_streams.py	4390	947f1d1487ae6f23463c19f430a0fc714b16f85b8a2aaaab8d0f9b19ee440dde	false
tools/python/requirements-lock.txt	1084	5686eb9e80a81a0f3e0e9ee81996148176844ec7bc419ecbe13696d86468aa44	false
tools/r/README.md	476	649d5ea608e5ca2a2f9c73340b4223c542d724bf248c9f14a046b3b9938fc54c	false
tools/r/check_required_packages.R	1519	8fd93a5a42929f23a89350335bd36510b0482b190118c78a9f2381e3ff144a18	false
tools/r/requirements.tsv	153	8281f48041143181c4e54de3311de4f3a35a59d5974a93efac6995d2a5b44eb8	false
