dataset,gsm,donor_id,library_id,compartment,disease_state,module_id,configured_genes,mapped_genes,mapped_fraction,mapping_pass,mapped_gene_symbols,duplicate_feature_rows
GSE153066,GSM4633740,CTL1,CTL1,NP,relatively normal,ecm_collagen_remodeling,24,24,1.000000,True,ADAMTS4;ADAMTS5;COL1A1;COL1A2;COL3A1;COL5A1;COL5A2;COL6A1;COL6A2;COL6A3;DCN;FN1;LOX;LOXL2;LUM;MMP13;MMP2;MMP3;MMP9;POSTN;SPARC;TIMP1;TIMP2;TNC,0
GSE153066,GSM4633740,CTL1,CTL1,NP,relatively normal,inflammatory_nfkb,21,21,1.000000,True,CCL2;CCL5;CXCL8;FOS;IKBKB;IKBKG;IL1B;IL6;JUN;NFKB1;NFKB2;NFKBIA;NLRP3;RELA;RELB;STAT3;TICAM1;TLR2;TLR4;TNF;TNFRSF1A,0
GSE153066,GSM4633740,CTL1,CTL1,NP,relatively normal,hypoxia_oxidative_stress,18,18,1.000000,True,BNIP3;CA9;EGLN1;EPAS1;GCLM;GPX1;HIF1A;HMOX1;LDHA;NFE2L2;NQO1;PDK1;PRDX1;SLC2A1;SOD1;SOD2;TXN;VEGFA,0
GSE153066,GSM4633740,CTL1,CTL1,NP,relatively normal,disc_matrix_homeostasis,15,15,1.000000,True,ACAN;B3GAT1;BGN;CILP;COL2A1;COL9A1;COL9A2;COL9A3;COMP;FMOD;HAPLN1;HAS2;KRT19;MATN3;SOX9,0
GSE153066,GSM4633741,CTL2,CTL2,NP,relatively normal,ecm_collagen_remodeling,24,24,1.000000,True,ADAMTS4;ADAMTS5;COL1A1;COL1A2;COL3A1;COL5A1;COL5A2;COL6A1;COL6A2;COL6A3;DCN;FN1;LOX;LOXL2;LUM;MMP13;MMP2;MMP3;MMP9;POSTN;SPARC;TIMP1;TIMP2;TNC,0
GSE153066,GSM4633741,CTL2,CTL2,NP,relatively normal,inflammatory_nfkb,21,21,1.000000,True,CCL2;CCL5;CXCL8;FOS;IKBKB;IKBKG;IL1B;IL6;JUN;NFKB1;NFKB2;NFKBIA;NLRP3;RELA;RELB;STAT3;TICAM1;TLR2;TLR4;TNF;TNFRSF1A,0
GSE153066,GSM4633741,CTL2,CTL2,NP,relatively normal,hypoxia_oxidative_stress,18,18,1.000000,True,BNIP3;CA9;EGLN1;EPAS1;GCLM;GPX1;HIF1A;HMOX1;LDHA;NFE2L2;NQO1;PDK1;PRDX1;SLC2A1;SOD1;SOD2;TXN;VEGFA,0
GSE153066,GSM4633741,CTL2,CTL2,NP,relatively normal,disc_matrix_homeostasis,15,15,1.000000,True,ACAN;B3GAT1;BGN;CILP;COL2A1;COL9A1;COL9A2;COL9A3;COMP;FMOD;HAPLN1;HAS2;KRT19;MATN3;SOX9,0
GSE153066,GSM4633742,CTL3,CTL3,NP,relatively normal,ecm_collagen_remodeling,24,24,1.000000,True,ADAMTS4;ADAMTS5;COL1A1;COL1A2;COL3A1;COL5A1;COL5A2;COL6A1;COL6A2;COL6A3;DCN;FN1;LOX;LOXL2;LUM;MMP13;MMP2;MMP3;MMP9;POSTN;SPARC;TIMP1;TIMP2;TNC,0
GSE153066,GSM4633742,CTL3,CTL3,NP,relatively normal,inflammatory_nfkb,21,21,1.000000,True,CCL2;CCL5;CXCL8;FOS;IKBKB;IKBKG;IL1B;IL6;JUN;NFKB1;NFKB2;NFKBIA;NLRP3;RELA;RELB;STAT3;TICAM1;TLR2;TLR4;TNF;TNFRSF1A,0
GSE153066,GSM4633742,CTL3,CTL3,NP,relatively normal,hypoxia_oxidative_stress,18,18,1.000000,True,BNIP3;CA9;EGLN1;EPAS1;GCLM;GPX1;HIF1A;HMOX1;LDHA;NFE2L2;NQO1;PDK1;PRDX1;SLC2A1;SOD1;SOD2;TXN;VEGFA,0
GSE153066,GSM4633742,CTL3,CTL3,NP,relatively normal,disc_matrix_homeostasis,15,15,1.000000,True,ACAN;B3GAT1;BGN;CILP;COL2A1;COL9A1;COL9A2;COL9A3;COMP;FMOD;HAPLN1;HAS2;KRT19;MATN3;SOX9,0
GSE153066,GSM4633743,CTL4,CTL4,NP,relatively normal,ecm_collagen_remodeling,24,24,1.000000,True,ADAMTS4;ADAMTS5;COL1A1;COL1A2;COL3A1;COL5A1;COL5A2;COL6A1;COL6A2;COL6A3;DCN;FN1;LOX;LOXL2;LUM;MMP13;MMP2;MMP3;MMP9;POSTN;SPARC;TIMP1;TIMP2;TNC,0
GSE153066,GSM4633743,CTL4,CTL4,NP,relatively normal,inflammatory_nfkb,21,21,1.000000,True,CCL2;CCL5;CXCL8;FOS;IKBKB;IKBKG;IL1B;IL6;JUN;NFKB1;NFKB2;NFKBIA;NLRP3;RELA;RELB;STAT3;TICAM1;TLR2;TLR4;TNF;TNFRSF1A,0
GSE153066,GSM4633743,CTL4,CTL4,NP,relatively normal,hypoxia_oxidative_stress,18,18,1.000000,True,BNIP3;CA9;EGLN1;EPAS1;GCLM;GPX1;HIF1A;HMOX1;LDHA;NFE2L2;NQO1;PDK1;PRDX1;SLC2A1;SOD1;SOD2;TXN;VEGFA,0
GSE153066,GSM4633743,CTL4,CTL4,NP,relatively normal,disc_matrix_homeostasis,15,15,1.000000,True,ACAN;B3GAT1;BGN;CILP;COL2A1;COL9A1;COL9A2;COL9A3;COMP;FMOD;HAPLN1;HAS2;KRT19;MATN3;SOX9,0
GSE153066,GSM4633744,CTL5,CTL5,NP,relatively normal,ecm_collagen_remodeling,24,24,1.000000,True,ADAMTS4;ADAMTS5;COL1A1;COL1A2;COL3A1;COL5A1;COL5A2;COL6A1;COL6A2;COL6A3;DCN;FN1;LOX;LOXL2;LUM;MMP13;MMP2;MMP3;MMP9;POSTN;SPARC;TIMP1;TIMP2;TNC,0
GSE153066,GSM4633744,CTL5,CTL5,NP,relatively normal,inflammatory_nfkb,21,21,1.000000,True,CCL2;CCL5;CXCL8;FOS;IKBKB;IKBKG;IL1B;IL6;JUN;NFKB1;NFKB2;NFKBIA;NLRP3;RELA;RELB;STAT3;TICAM1;TLR2;TLR4;TNF;TNFRSF1A,0
GSE153066,GSM4633744,CTL5,CTL5,NP,relatively normal,hypoxia_oxidative_stress,18,18,1.000000,True,BNIP3;CA9;EGLN1;EPAS1;GCLM;GPX1;HIF1A;HMOX1;LDHA;NFE2L2;NQO1;PDK1;PRDX1;SLC2A1;SOD1;SOD2;TXN;VEGFA,0
GSE153066,GSM4633744,CTL5,CTL5,NP,relatively normal,disc_matrix_homeostasis,15,15,1.000000,True,ACAN;B3GAT1;BGN;CILP;COL2A1;COL9A1;COL9A2;COL9A3;COMP;FMOD;HAPLN1;HAS2;KRT19;MATN3;SOX9,0
GSE153066,GSM4633745,CTL6,CTL6,NP,relatively normal,ecm_collagen_remodeling,24,24,1.000000,True,ADAMTS4;ADAMTS5;COL1A1;COL1A2;COL3A1;COL5A1;COL5A2;COL6A1;COL6A2;COL6A3;DCN;FN1;LOX;LOXL2;LUM;MMP13;MMP2;MMP3;MMP9;POSTN;SPARC;TIMP1;TIMP2;TNC,0
GSE153066,GSM4633745,CTL6,CTL6,NP,relatively normal,inflammatory_nfkb,21,21,1.000000,True,CCL2;CCL5;CXCL8;FOS;IKBKB;IKBKG;IL1B;IL6;JUN;NFKB1;NFKB2;NFKBIA;NLRP3;RELA;RELB;STAT3;TICAM1;TLR2;TLR4;TNF;TNFRSF1A,0
GSE153066,GSM4633745,CTL6,CTL6,NP,relatively normal,hypoxia_oxidative_stress,18,18,1.000000,True,BNIP3;CA9;EGLN1;EPAS1;GCLM;GPX1;HIF1A;HMOX1;LDHA;NFE2L2;NQO1;PDK1;PRDX1;SLC2A1;SOD1;SOD2;TXN;VEGFA,0
GSE153066,GSM4633745,CTL6,CTL6,NP,relatively normal,disc_matrix_homeostasis,15,15,1.000000,True,ACAN;B3GAT1;BGN;CILP;COL2A1;COL9A1;COL9A2;COL9A3;COMP;FMOD;HAPLN1;HAS2;KRT19;MATN3;SOX9,0
GSE153066,GSM4633746,CTL7,CTL7,NP,relatively normal,ecm_collagen_remodeling,24,24,1.000000,True,ADAMTS4;ADAMTS5;COL1A1;COL1A2;COL3A1;COL5A1;COL5A2;COL6A1;COL6A2;COL6A3;DCN;FN1;LOX;LOXL2;LUM;MMP13;MMP2;MMP3;MMP9;POSTN;SPARC;TIMP1;TIMP2;TNC,0
GSE153066,GSM4633746,CTL7,CTL7,NP,relatively normal,inflammatory_nfkb,21,21,1.000000,True,CCL2;CCL5;CXCL8;FOS;IKBKB;IKBKG;IL1B;IL6;JUN;NFKB1;NFKB2;NFKBIA;NLRP3;RELA;RELB;STAT3;TICAM1;TLR2;TLR4;TNF;TNFRSF1A,0
GSE153066,GSM4633746,CTL7,CTL7,NP,relatively normal,hypoxia_oxidative_stress,18,18,1.000000,True,BNIP3;CA9;EGLN1;EPAS1;GCLM;GPX1;HIF1A;HMOX1;LDHA;NFE2L2;NQO1;PDK1;PRDX1;SLC2A1;SOD1;SOD2;TXN;VEGFA,0
GSE153066,GSM4633746,CTL7,CTL7,NP,relatively normal,disc_matrix_homeostasis,15,15,1.000000,True,ACAN;B3GAT1;BGN;CILP;COL2A1;COL9A1;COL9A2;COL9A3;COMP;FMOD;HAPLN1;HAS2;KRT19;MATN3;SOX9,0
GSE153066,GSM4633747,CTL8,CTL8,NP,relatively normal,ecm_collagen_remodeling,24,24,1.000000,True,ADAMTS4;ADAMTS5;COL1A1;COL1A2;COL3A1;COL5A1;COL5A2;COL6A1;COL6A2;COL6A3;DCN;FN1;LOX;LOXL2;LUM;MMP13;MMP2;MMP3;MMP9;POSTN;SPARC;TIMP1;TIMP2;TNC,0
GSE153066,GSM4633747,CTL8,CTL8,NP,relatively normal,inflammatory_nfkb,21,21,1.000000,True,CCL2;CCL5;CXCL8;FOS;IKBKB;IKBKG;IL1B;IL6;JUN;NFKB1;NFKB2;NFKBIA;NLRP3;RELA;RELB;STAT3;TICAM1;TLR2;TLR4;TNF;TNFRSF1A,0
GSE153066,GSM4633747,CTL8,CTL8,NP,relatively normal,hypoxia_oxidative_stress,18,18,1.000000,True,BNIP3;CA9;EGLN1;EPAS1;GCLM;GPX1;HIF1A;HMOX1;LDHA;NFE2L2;NQO1;PDK1;PRDX1;SLC2A1;SOD1;SOD2;TXN;VEGFA,0
GSE153066,GSM4633747,CTL8,CTL8,NP,relatively normal,disc_matrix_homeostasis,15,15,1.000000,True,ACAN;B3GAT1;BGN;CILP;COL2A1;COL9A1;COL9A2;COL9A3;COMP;FMOD;HAPLN1;HAS2;KRT19;MATN3;SOX9,0
GSE153066,GSM4633748,IDD1,IDD1,NP,degenerated,ecm_collagen_remodeling,24,24,1.000000,True,ADAMTS4;ADAMTS5;COL1A1;COL1A2;COL3A1;COL5A1;COL5A2;COL6A1;COL6A2;COL6A3;DCN;FN1;LOX;LOXL2;LUM;MMP13;MMP2;MMP3;MMP9;POSTN;SPARC;TIMP1;TIMP2;TNC,0
GSE153066,GSM4633748,IDD1,IDD1,NP,degenerated,inflammatory_nfkb,21,21,1.000000,True,CCL2;CCL5;CXCL8;FOS;IKBKB;IKBKG;IL1B;IL6;JUN;NFKB1;NFKB2;NFKBIA;NLRP3;RELA;RELB;STAT3;TICAM1;TLR2;TLR4;TNF;TNFRSF1A,0
GSE153066,GSM4633748,IDD1,IDD1,NP,degenerated,hypoxia_oxidative_stress,18,18,1.000000,True,BNIP3;CA9;EGLN1;EPAS1;GCLM;GPX1;HIF1A;HMOX1;LDHA;NFE2L2;NQO1;PDK1;PRDX1;SLC2A1;SOD1;SOD2;TXN;VEGFA,0
GSE153066,GSM4633748,IDD1,IDD1,NP,degenerated,disc_matrix_homeostasis,15,15,1.000000,True,ACAN;B3GAT1;BGN;CILP;COL2A1;COL9A1;COL9A2;COL9A3;COMP;FMOD;HAPLN1;HAS2;KRT19;MATN3;SOX9,0
GSE153066,GSM4633749,IDD2,IDD2,NP,degenerated,ecm_collagen_remodeling,24,24,1.000000,True,ADAMTS4;ADAMTS5;COL1A1;COL1A2;COL3A1;COL5A1;COL5A2;COL6A1;COL6A2;COL6A3;DCN;FN1;LOX;LOXL2;LUM;MMP13;MMP2;MMP3;MMP9;POSTN;SPARC;TIMP1;TIMP2;TNC,0
GSE153066,GSM4633749,IDD2,IDD2,NP,degenerated,inflammatory_nfkb,21,21,1.000000,True,CCL2;CCL5;CXCL8;FOS;IKBKB;IKBKG;IL1B;IL6;JUN;NFKB1;NFKB2;NFKBIA;NLRP3;RELA;RELB;STAT3;TICAM1;TLR2;TLR4;TNF;TNFRSF1A,0
GSE153066,GSM4633749,IDD2,IDD2,NP,degenerated,hypoxia_oxidative_stress,18,18,1.000000,True,BNIP3;CA9;EGLN1;EPAS1;GCLM;GPX1;HIF1A;HMOX1;LDHA;NFE2L2;NQO1;PDK1;PRDX1;SLC2A1;SOD1;SOD2;TXN;VEGFA,0
GSE153066,GSM4633749,IDD2,IDD2,NP,degenerated,disc_matrix_homeostasis,15,15,1.000000,True,ACAN;B3GAT1;BGN;CILP;COL2A1;COL9A1;COL9A2;COL9A3;COMP;FMOD;HAPLN1;HAS2;KRT19;MATN3;SOX9,0
GSE153066,GSM4633750,IDD3,IDD3,NP,degenerated,ecm_collagen_remodeling,24,24,1.000000,True,ADAMTS4;ADAMTS5;COL1A1;COL1A2;COL3A1;COL5A1;COL5A2;COL6A1;COL6A2;COL6A3;DCN;FN1;LOX;LOXL2;LUM;MMP13;MMP2;MMP3;MMP9;POSTN;SPARC;TIMP1;TIMP2;TNC,0
GSE153066,GSM4633750,IDD3,IDD3,NP,degenerated,inflammatory_nfkb,21,21,1.000000,True,CCL2;CCL5;CXCL8;FOS;IKBKB;IKBKG;IL1B;IL6;JUN;NFKB1;NFKB2;NFKBIA;NLRP3;RELA;RELB;STAT3;TICAM1;TLR2;TLR4;TNF;TNFRSF1A,0
GSE153066,GSM4633750,IDD3,IDD3,NP,degenerated,hypoxia_oxidative_stress,18,18,1.000000,True,BNIP3;CA9;EGLN1;EPAS1;GCLM;GPX1;HIF1A;HMOX1;LDHA;NFE2L2;NQO1;PDK1;PRDX1;SLC2A1;SOD1;SOD2;TXN;VEGFA,0
GSE153066,GSM4633750,IDD3,IDD3,NP,degenerated,disc_matrix_homeostasis,15,15,1.000000,True,ACAN;B3GAT1;BGN;CILP;COL2A1;COL9A1;COL9A2;COL9A3;COMP;FMOD;HAPLN1;HAS2;KRT19;MATN3;SOX9,0
GSE153066,GSM4633751,IDD4,IDD4,NP,degenerated,ecm_collagen_remodeling,24,24,1.000000,True,ADAMTS4;ADAMTS5;COL1A1;COL1A2;COL3A1;COL5A1;COL5A2;COL6A1;COL6A2;COL6A3;DCN;FN1;LOX;LOXL2;LUM;MMP13;MMP2;MMP3;MMP9;POSTN;SPARC;TIMP1;TIMP2;TNC,0
GSE153066,GSM4633751,IDD4,IDD4,NP,degenerated,inflammatory_nfkb,21,21,1.000000,True,CCL2;CCL5;CXCL8;FOS;IKBKB;IKBKG;IL1B;IL6;JUN;NFKB1;NFKB2;NFKBIA;NLRP3;RELA;RELB;STAT3;TICAM1;TLR2;TLR4;TNF;TNFRSF1A,0
GSE153066,GSM4633751,IDD4,IDD4,NP,degenerated,hypoxia_oxidative_stress,18,18,1.000000,True,BNIP3;CA9;EGLN1;EPAS1;GCLM;GPX1;HIF1A;HMOX1;LDHA;NFE2L2;NQO1;PDK1;PRDX1;SLC2A1;SOD1;SOD2;TXN;VEGFA,0
GSE153066,GSM4633751,IDD4,IDD4,NP,degenerated,disc_matrix_homeostasis,15,15,1.000000,True,ACAN;B3GAT1;BGN;CILP;COL2A1;COL9A1;COL9A2;COL9A3;COMP;FMOD;HAPLN1;HAS2;KRT19;MATN3;SOX9,0
GSE153066,GSM4633752,IDD5,IDD5,NP,degenerated,ecm_collagen_remodeling,24,24,1.000000,True,ADAMTS4;ADAMTS5;COL1A1;COL1A2;COL3A1;COL5A1;COL5A2;COL6A1;COL6A2;COL6A3;DCN;FN1;LOX;LOXL2;LUM;MMP13;MMP2;MMP3;MMP9;POSTN;SPARC;TIMP1;TIMP2;TNC,0
GSE153066,GSM4633752,IDD5,IDD5,NP,degenerated,inflammatory_nfkb,21,21,1.000000,True,CCL2;CCL5;CXCL8;FOS;IKBKB;IKBKG;IL1B;IL6;JUN;NFKB1;NFKB2;NFKBIA;NLRP3;RELA;RELB;STAT3;TICAM1;TLR2;TLR4;TNF;TNFRSF1A,0
GSE153066,GSM4633752,IDD5,IDD5,NP,degenerated,hypoxia_oxidative_stress,18,18,1.000000,True,BNIP3;CA9;EGLN1;EPAS1;GCLM;GPX1;HIF1A;HMOX1;LDHA;NFE2L2;NQO1;PDK1;PRDX1;SLC2A1;SOD1;SOD2;TXN;VEGFA,0
GSE153066,GSM4633752,IDD5,IDD5,NP,degenerated,disc_matrix_homeostasis,15,15,1.000000,True,ACAN;B3GAT1;BGN;CILP;COL2A1;COL9A1;COL9A2;COL9A3;COMP;FMOD;HAPLN1;HAS2;KRT19;MATN3;SOX9,0
GSE153066,GSM4633753,IDD6,IDD6,NP,degenerated,ecm_collagen_remodeling,24,24,1.000000,True,ADAMTS4;ADAMTS5;COL1A1;COL1A2;COL3A1;COL5A1;COL5A2;COL6A1;COL6A2;COL6A3;DCN;FN1;LOX;LOXL2;LUM;MMP13;MMP2;MMP3;MMP9;POSTN;SPARC;TIMP1;TIMP2;TNC,0
GSE153066,GSM4633753,IDD6,IDD6,NP,degenerated,inflammatory_nfkb,21,21,1.000000,True,CCL2;CCL5;CXCL8;FOS;IKBKB;IKBKG;IL1B;IL6;JUN;NFKB1;NFKB2;NFKBIA;NLRP3;RELA;RELB;STAT3;TICAM1;TLR2;TLR4;TNF;TNFRSF1A,0
GSE153066,GSM4633753,IDD6,IDD6,NP,degenerated,hypoxia_oxidative_stress,18,18,1.000000,True,BNIP3;CA9;EGLN1;EPAS1;GCLM;GPX1;HIF1A;HMOX1;LDHA;NFE2L2;NQO1;PDK1;PRDX1;SLC2A1;SOD1;SOD2;TXN;VEGFA,0
GSE153066,GSM4633753,IDD6,IDD6,NP,degenerated,disc_matrix_homeostasis,15,15,1.000000,True,ACAN;B3GAT1;BGN;CILP;COL2A1;COL9A1;COL9A2;COL9A3;COMP;FMOD;HAPLN1;HAS2;KRT19;MATN3;SOX9,0
GSE153066,GSM4633754,IDD7,IDD7,NP,degenerated,ecm_collagen_remodeling,24,24,1.000000,True,ADAMTS4;ADAMTS5;COL1A1;COL1A2;COL3A1;COL5A1;COL5A2;COL6A1;COL6A2;COL6A3;DCN;FN1;LOX;LOXL2;LUM;MMP13;MMP2;MMP3;MMP9;POSTN;SPARC;TIMP1;TIMP2;TNC,0
GSE153066,GSM4633754,IDD7,IDD7,NP,degenerated,inflammatory_nfkb,21,21,1.000000,True,CCL2;CCL5;CXCL8;FOS;IKBKB;IKBKG;IL1B;IL6;JUN;NFKB1;NFKB2;NFKBIA;NLRP3;RELA;RELB;STAT3;TICAM1;TLR2;TLR4;TNF;TNFRSF1A,0
GSE153066,GSM4633754,IDD7,IDD7,NP,degenerated,hypoxia_oxidative_stress,18,18,1.000000,True,BNIP3;CA9;EGLN1;EPAS1;GCLM;GPX1;HIF1A;HMOX1;LDHA;NFE2L2;NQO1;PDK1;PRDX1;SLC2A1;SOD1;SOD2;TXN;VEGFA,0
GSE153066,GSM4633754,IDD7,IDD7,NP,degenerated,disc_matrix_homeostasis,15,15,1.000000,True,ACAN;B3GAT1;BGN;CILP;COL2A1;COL9A1;COL9A2;COL9A3;COMP;FMOD;HAPLN1;HAS2;KRT19;MATN3;SOX9,0
GSE153066,GSM4633755,IDD8,IDD8,NP,degenerated,ecm_collagen_remodeling,24,24,1.000000,True,ADAMTS4;ADAMTS5;COL1A1;COL1A2;COL3A1;COL5A1;COL5A2;COL6A1;COL6A2;COL6A3;DCN;FN1;LOX;LOXL2;LUM;MMP13;MMP2;MMP3;MMP9;POSTN;SPARC;TIMP1;TIMP2;TNC,0
GSE153066,GSM4633755,IDD8,IDD8,NP,degenerated,inflammatory_nfkb,21,21,1.000000,True,CCL2;CCL5;CXCL8;FOS;IKBKB;IKBKG;IL1B;IL6;JUN;NFKB1;NFKB2;NFKBIA;NLRP3;RELA;RELB;STAT3;TICAM1;TLR2;TLR4;TNF;TNFRSF1A,0
GSE153066,GSM4633755,IDD8,IDD8,NP,degenerated,hypoxia_oxidative_stress,18,18,1.000000,True,BNIP3;CA9;EGLN1;EPAS1;GCLM;GPX1;HIF1A;HMOX1;LDHA;NFE2L2;NQO1;PDK1;PRDX1;SLC2A1;SOD1;SOD2;TXN;VEGFA,0
GSE153066,GSM4633755,IDD8,IDD8,NP,degenerated,disc_matrix_homeostasis,15,15,1.000000,True,ACAN;B3GAT1;BGN;CILP;COL2A1;COL9A1;COL9A2;COL9A3;COMP;FMOD;HAPLN1;HAS2;KRT19;MATN3;SOX9,0
