dataset,gsm,donor_id,library_id,compartment,disease_state,module_id,module_score_log1p_cpm,score_status,mapped_fraction,included_cells,total_umi_included_cells,matrix_status,analysis_role
GSE153066,GSM4633740,CTL1,CTL1,NP,relatively normal,ecm_collagen_remodeling,5.98710516,score_available,1.000000,6775,19458254.0,GEO supplementary combined count TSV; GEO processing reports UMI-tools raw-count calculation followed by Seurat cell filtering,donor-level score support; cells nested within presumed sample/library key
GSE153066,GSM4633740,CTL1,CTL1,NP,relatively normal,inflammatory_nfkb,4.10956348,score_available,1.000000,6775,19458254.0,GEO supplementary combined count TSV; GEO processing reports UMI-tools raw-count calculation followed by Seurat cell filtering,donor-level score support; cells nested within presumed sample/library key
GSE153066,GSM4633740,CTL1,CTL1,NP,relatively normal,hypoxia_oxidative_stress,4.88904589,score_available,1.000000,6775,19458254.0,GEO supplementary combined count TSV; GEO processing reports UMI-tools raw-count calculation followed by Seurat cell filtering,donor-level score support; cells nested within presumed sample/library key
GSE153066,GSM4633740,CTL1,CTL1,NP,relatively normal,disc_matrix_homeostasis,2.36202602,score_available,1.000000,6775,19458254.0,GEO supplementary combined count TSV; GEO processing reports UMI-tools raw-count calculation followed by Seurat cell filtering,donor-level score support; cells nested within presumed sample/library key
GSE153066,GSM4633741,CTL2,CTL2,NP,relatively normal,ecm_collagen_remodeling,7.12047545,score_available,1.000000,5114,16316398.0,GEO supplementary combined count TSV; GEO processing reports UMI-tools raw-count calculation followed by Seurat cell filtering,donor-level score support; cells nested within presumed sample/library key
GSE153066,GSM4633741,CTL2,CTL2,NP,relatively normal,inflammatory_nfkb,4.04124944,score_available,1.000000,5114,16316398.0,GEO supplementary combined count TSV; GEO processing reports UMI-tools raw-count calculation followed by Seurat cell filtering,donor-level score support; cells nested within presumed sample/library key
GSE153066,GSM4633741,CTL2,CTL2,NP,relatively normal,hypoxia_oxidative_stress,5.21632581,score_available,1.000000,5114,16316398.0,GEO supplementary combined count TSV; GEO processing reports UMI-tools raw-count calculation followed by Seurat cell filtering,donor-level score support; cells nested within presumed sample/library key
GSE153066,GSM4633741,CTL2,CTL2,NP,relatively normal,disc_matrix_homeostasis,5.29318106,score_available,1.000000,5114,16316398.0,GEO supplementary combined count TSV; GEO processing reports UMI-tools raw-count calculation followed by Seurat cell filtering,donor-level score support; cells nested within presumed sample/library key
GSE153066,GSM4633742,CTL3,CTL3,NP,relatively normal,ecm_collagen_remodeling,6.56188848,score_available,1.000000,3769,10884552.0,GEO supplementary combined count TSV; GEO processing reports UMI-tools raw-count calculation followed by Seurat cell filtering,donor-level score support; cells nested within presumed sample/library key
GSE153066,GSM4633742,CTL3,CTL3,NP,relatively normal,inflammatory_nfkb,3.27865981,score_available,1.000000,3769,10884552.0,GEO supplementary combined count TSV; GEO processing reports UMI-tools raw-count calculation followed by Seurat cell filtering,donor-level score support; cells nested within presumed sample/library key
GSE153066,GSM4633742,CTL3,CTL3,NP,relatively normal,hypoxia_oxidative_stress,4.87905465,score_available,1.000000,3769,10884552.0,GEO supplementary combined count TSV; GEO processing reports UMI-tools raw-count calculation followed by Seurat cell filtering,donor-level score support; cells nested within presumed sample/library key
GSE153066,GSM4633742,CTL3,CTL3,NP,relatively normal,disc_matrix_homeostasis,5.80560565,score_available,1.000000,3769,10884552.0,GEO supplementary combined count TSV; GEO processing reports UMI-tools raw-count calculation followed by Seurat cell filtering,donor-level score support; cells nested within presumed sample/library key
GSE153066,GSM4633743,CTL4,CTL4,NP,relatively normal,ecm_collagen_remodeling,5.02319779,score_available,1.000000,6121,12203508.0,GEO supplementary combined count TSV; GEO processing reports UMI-tools raw-count calculation followed by Seurat cell filtering,donor-level score support; cells nested within presumed sample/library key
GSE153066,GSM4633743,CTL4,CTL4,NP,relatively normal,inflammatory_nfkb,2.45798859,score_available,1.000000,6121,12203508.0,GEO supplementary combined count TSV; GEO processing reports UMI-tools raw-count calculation followed by Seurat cell filtering,donor-level score support; cells nested within presumed sample/library key
GSE153066,GSM4633743,CTL4,CTL4,NP,relatively normal,hypoxia_oxidative_stress,4.46102304,score_available,1.000000,6121,12203508.0,GEO supplementary combined count TSV; GEO processing reports UMI-tools raw-count calculation followed by Seurat cell filtering,donor-level score support; cells nested within presumed sample/library key
GSE153066,GSM4633743,CTL4,CTL4,NP,relatively normal,disc_matrix_homeostasis,4.48472166,score_available,1.000000,6121,12203508.0,GEO supplementary combined count TSV; GEO processing reports UMI-tools raw-count calculation followed by Seurat cell filtering,donor-level score support; cells nested within presumed sample/library key
GSE153066,GSM4633744,CTL5,CTL5,NP,relatively normal,ecm_collagen_remodeling,6.11320682,score_available,1.000000,9976,13910474.0,GEO supplementary combined count TSV; GEO processing reports UMI-tools raw-count calculation followed by Seurat cell filtering,donor-level score support; cells nested within presumed sample/library key
GSE153066,GSM4633744,CTL5,CTL5,NP,relatively normal,inflammatory_nfkb,3.51574597,score_available,1.000000,9976,13910474.0,GEO supplementary combined count TSV; GEO processing reports UMI-tools raw-count calculation followed by Seurat cell filtering,donor-level score support; cells nested within presumed sample/library key
GSE153066,GSM4633744,CTL5,CTL5,NP,relatively normal,hypoxia_oxidative_stress,5.36329229,score_available,1.000000,9976,13910474.0,GEO supplementary combined count TSV; GEO processing reports UMI-tools raw-count calculation followed by Seurat cell filtering,donor-level score support; cells nested within presumed sample/library key
GSE153066,GSM4633744,CTL5,CTL5,NP,relatively normal,disc_matrix_homeostasis,4.71544629,score_available,1.000000,9976,13910474.0,GEO supplementary combined count TSV; GEO processing reports UMI-tools raw-count calculation followed by Seurat cell filtering,donor-level score support; cells nested within presumed sample/library key
GSE153066,GSM4633745,CTL6,CTL6,NP,relatively normal,ecm_collagen_remodeling,5.46911245,score_available,1.000000,4309,6062067.0,GEO supplementary combined count TSV; GEO processing reports UMI-tools raw-count calculation followed by Seurat cell filtering,donor-level score support; cells nested within presumed sample/library key
GSE153066,GSM4633745,CTL6,CTL6,NP,relatively normal,inflammatory_nfkb,2.75186375,score_available,1.000000,4309,6062067.0,GEO supplementary combined count TSV; GEO processing reports UMI-tools raw-count calculation followed by Seurat cell filtering,donor-level score support; cells nested within presumed sample/library key
GSE153066,GSM4633745,CTL6,CTL6,NP,relatively normal,hypoxia_oxidative_stress,4.97464080,score_available,1.000000,4309,6062067.0,GEO supplementary combined count TSV; GEO processing reports UMI-tools raw-count calculation followed by Seurat cell filtering,donor-level score support; cells nested within presumed sample/library key
GSE153066,GSM4633745,CTL6,CTL6,NP,relatively normal,disc_matrix_homeostasis,5.48871993,score_available,1.000000,4309,6062067.0,GEO supplementary combined count TSV; GEO processing reports UMI-tools raw-count calculation followed by Seurat cell filtering,donor-level score support; cells nested within presumed sample/library key
GSE153066,GSM4633746,CTL7,CTL7,NP,relatively normal,ecm_collagen_remodeling,6.86784849,score_available,1.000000,1750,3843445.0,GEO supplementary combined count TSV; GEO processing reports UMI-tools raw-count calculation followed by Seurat cell filtering,donor-level score support; cells nested within presumed sample/library key
GSE153066,GSM4633746,CTL7,CTL7,NP,relatively normal,inflammatory_nfkb,4.23316085,score_available,1.000000,1750,3843445.0,GEO supplementary combined count TSV; GEO processing reports UMI-tools raw-count calculation followed by Seurat cell filtering,donor-level score support; cells nested within presumed sample/library key
GSE153066,GSM4633746,CTL7,CTL7,NP,relatively normal,hypoxia_oxidative_stress,5.01510665,score_available,1.000000,1750,3843445.0,GEO supplementary combined count TSV; GEO processing reports UMI-tools raw-count calculation followed by Seurat cell filtering,donor-level score support; cells nested within presumed sample/library key
GSE153066,GSM4633746,CTL7,CTL7,NP,relatively normal,disc_matrix_homeostasis,4.88620936,score_available,1.000000,1750,3843445.0,GEO supplementary combined count TSV; GEO processing reports UMI-tools raw-count calculation followed by Seurat cell filtering,donor-level score support; cells nested within presumed sample/library key
GSE153066,GSM4633747,CTL8,CTL8,NP,relatively normal,ecm_collagen_remodeling,6.70329930,score_available,1.000000,5577,13487432.0,GEO supplementary combined count TSV; GEO processing reports UMI-tools raw-count calculation followed by Seurat cell filtering,donor-level score support; cells nested within presumed sample/library key
GSE153066,GSM4633747,CTL8,CTL8,NP,relatively normal,inflammatory_nfkb,3.93523956,score_available,1.000000,5577,13487432.0,GEO supplementary combined count TSV; GEO processing reports UMI-tools raw-count calculation followed by Seurat cell filtering,donor-level score support; cells nested within presumed sample/library key
GSE153066,GSM4633747,CTL8,CTL8,NP,relatively normal,hypoxia_oxidative_stress,4.63451006,score_available,1.000000,5577,13487432.0,GEO supplementary combined count TSV; GEO processing reports UMI-tools raw-count calculation followed by Seurat cell filtering,donor-level score support; cells nested within presumed sample/library key
GSE153066,GSM4633747,CTL8,CTL8,NP,relatively normal,disc_matrix_homeostasis,3.88908407,score_available,1.000000,5577,13487432.0,GEO supplementary combined count TSV; GEO processing reports UMI-tools raw-count calculation followed by Seurat cell filtering,donor-level score support; cells nested within presumed sample/library key
GSE153066,GSM4633748,IDD1,IDD1,NP,degenerated,ecm_collagen_remodeling,4.51009887,score_available,1.000000,4998,2340762.0,GEO supplementary combined count TSV; GEO processing reports UMI-tools raw-count calculation followed by Seurat cell filtering,donor-level score support; cells nested within presumed sample/library key
GSE153066,GSM4633748,IDD1,IDD1,NP,degenerated,inflammatory_nfkb,4.70169031,score_available,1.000000,4998,2340762.0,GEO supplementary combined count TSV; GEO processing reports UMI-tools raw-count calculation followed by Seurat cell filtering,donor-level score support; cells nested within presumed sample/library key
GSE153066,GSM4633748,IDD1,IDD1,NP,degenerated,hypoxia_oxidative_stress,4.75166361,score_available,1.000000,4998,2340762.0,GEO supplementary combined count TSV; GEO processing reports UMI-tools raw-count calculation followed by Seurat cell filtering,donor-level score support; cells nested within presumed sample/library key
GSE153066,GSM4633748,IDD1,IDD1,NP,degenerated,disc_matrix_homeostasis,4.95519517,score_available,1.000000,4998,2340762.0,GEO supplementary combined count TSV; GEO processing reports UMI-tools raw-count calculation followed by Seurat cell filtering,donor-level score support; cells nested within presumed sample/library key
GSE153066,GSM4633749,IDD2,IDD2,NP,degenerated,ecm_collagen_remodeling,4.97768799,score_available,1.000000,3576,5793697.0,GEO supplementary combined count TSV; GEO processing reports UMI-tools raw-count calculation followed by Seurat cell filtering,donor-level score support; cells nested within presumed sample/library key
GSE153066,GSM4633749,IDD2,IDD2,NP,degenerated,inflammatory_nfkb,4.10112591,score_available,1.000000,3576,5793697.0,GEO supplementary combined count TSV; GEO processing reports UMI-tools raw-count calculation followed by Seurat cell filtering,donor-level score support; cells nested within presumed sample/library key
GSE153066,GSM4633749,IDD2,IDD2,NP,degenerated,hypoxia_oxidative_stress,5.41442597,score_available,1.000000,3576,5793697.0,GEO supplementary combined count TSV; GEO processing reports UMI-tools raw-count calculation followed by Seurat cell filtering,donor-level score support; cells nested within presumed sample/library key
GSE153066,GSM4633749,IDD2,IDD2,NP,degenerated,disc_matrix_homeostasis,3.91946516,score_available,1.000000,3576,5793697.0,GEO supplementary combined count TSV; GEO processing reports UMI-tools raw-count calculation followed by Seurat cell filtering,donor-level score support; cells nested within presumed sample/library key
GSE153066,GSM4633750,IDD3,IDD3,NP,degenerated,ecm_collagen_remodeling,6.00141996,score_available,1.000000,6260,9106651.0,GEO supplementary combined count TSV; GEO processing reports UMI-tools raw-count calculation followed by Seurat cell filtering,donor-level score support; cells nested within presumed sample/library key
GSE153066,GSM4633750,IDD3,IDD3,NP,degenerated,inflammatory_nfkb,4.20105311,score_available,1.000000,6260,9106651.0,GEO supplementary combined count TSV; GEO processing reports UMI-tools raw-count calculation followed by Seurat cell filtering,donor-level score support; cells nested within presumed sample/library key
GSE153066,GSM4633750,IDD3,IDD3,NP,degenerated,hypoxia_oxidative_stress,4.83150554,score_available,1.000000,6260,9106651.0,GEO supplementary combined count TSV; GEO processing reports UMI-tools raw-count calculation followed by Seurat cell filtering,donor-level score support; cells nested within presumed sample/library key
GSE153066,GSM4633750,IDD3,IDD3,NP,degenerated,disc_matrix_homeostasis,4.42054251,score_available,1.000000,6260,9106651.0,GEO supplementary combined count TSV; GEO processing reports UMI-tools raw-count calculation followed by Seurat cell filtering,donor-level score support; cells nested within presumed sample/library key
GSE153066,GSM4633751,IDD4,IDD4,NP,degenerated,ecm_collagen_remodeling,6.67666831,score_available,1.000000,5772,11306890.0,GEO supplementary combined count TSV; GEO processing reports UMI-tools raw-count calculation followed by Seurat cell filtering,donor-level score support; cells nested within presumed sample/library key
GSE153066,GSM4633751,IDD4,IDD4,NP,degenerated,inflammatory_nfkb,3.68700404,score_available,1.000000,5772,11306890.0,GEO supplementary combined count TSV; GEO processing reports UMI-tools raw-count calculation followed by Seurat cell filtering,donor-level score support; cells nested within presumed sample/library key
GSE153066,GSM4633751,IDD4,IDD4,NP,degenerated,hypoxia_oxidative_stress,5.28074890,score_available,1.000000,5772,11306890.0,GEO supplementary combined count TSV; GEO processing reports UMI-tools raw-count calculation followed by Seurat cell filtering,donor-level score support; cells nested within presumed sample/library key
GSE153066,GSM4633751,IDD4,IDD4,NP,degenerated,disc_matrix_homeostasis,5.35372348,score_available,1.000000,5772,11306890.0,GEO supplementary combined count TSV; GEO processing reports UMI-tools raw-count calculation followed by Seurat cell filtering,donor-level score support; cells nested within presumed sample/library key
GSE153066,GSM4633752,IDD5,IDD5,NP,degenerated,ecm_collagen_remodeling,5.18051542,score_available,1.000000,5026,7149106.0,GEO supplementary combined count TSV; GEO processing reports UMI-tools raw-count calculation followed by Seurat cell filtering,donor-level score support; cells nested within presumed sample/library key
GSE153066,GSM4633752,IDD5,IDD5,NP,degenerated,inflammatory_nfkb,4.38641488,score_available,1.000000,5026,7149106.0,GEO supplementary combined count TSV; GEO processing reports UMI-tools raw-count calculation followed by Seurat cell filtering,donor-level score support; cells nested within presumed sample/library key
GSE153066,GSM4633752,IDD5,IDD5,NP,degenerated,hypoxia_oxidative_stress,4.71777496,score_available,1.000000,5026,7149106.0,GEO supplementary combined count TSV; GEO processing reports UMI-tools raw-count calculation followed by Seurat cell filtering,donor-level score support; cells nested within presumed sample/library key
GSE153066,GSM4633752,IDD5,IDD5,NP,degenerated,disc_matrix_homeostasis,4.10011292,score_available,1.000000,5026,7149106.0,GEO supplementary combined count TSV; GEO processing reports UMI-tools raw-count calculation followed by Seurat cell filtering,donor-level score support; cells nested within presumed sample/library key
GSE153066,GSM4633753,IDD6,IDD6,NP,degenerated,ecm_collagen_remodeling,7.04755160,score_available,1.000000,4976,17483089.0,GEO supplementary combined count TSV; GEO processing reports UMI-tools raw-count calculation followed by Seurat cell filtering,donor-level score support; cells nested within presumed sample/library key
GSE153066,GSM4633753,IDD6,IDD6,NP,degenerated,inflammatory_nfkb,4.21619994,score_available,1.000000,4976,17483089.0,GEO supplementary combined count TSV; GEO processing reports UMI-tools raw-count calculation followed by Seurat cell filtering,donor-level score support; cells nested within presumed sample/library key
GSE153066,GSM4633753,IDD6,IDD6,NP,degenerated,hypoxia_oxidative_stress,4.91785213,score_available,1.000000,4976,17483089.0,GEO supplementary combined count TSV; GEO processing reports UMI-tools raw-count calculation followed by Seurat cell filtering,donor-level score support; cells nested within presumed sample/library key
GSE153066,GSM4633753,IDD6,IDD6,NP,degenerated,disc_matrix_homeostasis,4.46193605,score_available,1.000000,4976,17483089.0,GEO supplementary combined count TSV; GEO processing reports UMI-tools raw-count calculation followed by Seurat cell filtering,donor-level score support; cells nested within presumed sample/library key
GSE153066,GSM4633754,IDD7,IDD7,NP,degenerated,ecm_collagen_remodeling,5.64119183,score_available,1.000000,5751,13630422.0,GEO supplementary combined count TSV; GEO processing reports UMI-tools raw-count calculation followed by Seurat cell filtering,donor-level score support; cells nested within presumed sample/library key
GSE153066,GSM4633754,IDD7,IDD7,NP,degenerated,inflammatory_nfkb,4.47947944,score_available,1.000000,5751,13630422.0,GEO supplementary combined count TSV; GEO processing reports UMI-tools raw-count calculation followed by Seurat cell filtering,donor-level score support; cells nested within presumed sample/library key
GSE153066,GSM4633754,IDD7,IDD7,NP,degenerated,hypoxia_oxidative_stress,4.90040088,score_available,1.000000,5751,13630422.0,GEO supplementary combined count TSV; GEO processing reports UMI-tools raw-count calculation followed by Seurat cell filtering,donor-level score support; cells nested within presumed sample/library key
GSE153066,GSM4633754,IDD7,IDD7,NP,degenerated,disc_matrix_homeostasis,5.20081737,score_available,1.000000,5751,13630422.0,GEO supplementary combined count TSV; GEO processing reports UMI-tools raw-count calculation followed by Seurat cell filtering,donor-level score support; cells nested within presumed sample/library key
GSE153066,GSM4633755,IDD8,IDD8,NP,degenerated,ecm_collagen_remodeling,6.58377581,score_available,1.000000,5455,11670714.0,GEO supplementary combined count TSV; GEO processing reports UMI-tools raw-count calculation followed by Seurat cell filtering,donor-level score support; cells nested within presumed sample/library key
GSE153066,GSM4633755,IDD8,IDD8,NP,degenerated,inflammatory_nfkb,3.99124861,score_available,1.000000,5455,11670714.0,GEO supplementary combined count TSV; GEO processing reports UMI-tools raw-count calculation followed by Seurat cell filtering,donor-level score support; cells nested within presumed sample/library key
GSE153066,GSM4633755,IDD8,IDD8,NP,degenerated,hypoxia_oxidative_stress,5.32405191,score_available,1.000000,5455,11670714.0,GEO supplementary combined count TSV; GEO processing reports UMI-tools raw-count calculation followed by Seurat cell filtering,donor-level score support; cells nested within presumed sample/library key
GSE153066,GSM4633755,IDD8,IDD8,NP,degenerated,disc_matrix_homeostasis,4.13548110,score_available,1.000000,5455,11670714.0,GEO supplementary combined count TSV; GEO processing reports UMI-tools raw-count calculation followed by Seurat cell filtering,donor-level score support; cells nested within presumed sample/library key
