cohort_id,cohort_role,analysis_role,inference_key_type,compartment,module_id,contrast_label,excluded_donor_or_library_key,excluded_arm,remaining_comparison_n,remaining_target_n,leave_one_out_effect_target_minus_comparison,leave_one_out_effect_direction,full_effect_direction,direction_agrees_with_full_effect,leave_one_out_status
GSE153066_support,external_count_level_support_only,external_support_effect_size_and_stability_only,presumed_donor_or_library_key,NP,disc_matrix_homeostasis,degenerated_minus_relatively_normal,CTL1,comparison,7,8,-0.36915764,negative_lower_target_severity,negative_lower_target_severity,true,available_unweighted_target_minus_comparison_mean_difference
GSE153066_support,external_count_level_support_only,external_support_effect_size_and_stability_only,presumed_donor_or_library_key,NP,disc_matrix_homeostasis,degenerated_minus_relatively_normal,CTL2,comparison,7,8,0.04957879,positive_higher_target_severity,negative_lower_target_severity,false,available_unweighted_target_minus_comparison_mean_difference
GSE153066_support,external_count_level_support_only,external_support_effect_size_and_stability_only,presumed_donor_or_library_key,NP,disc_matrix_homeostasis,degenerated_minus_relatively_normal,CTL3,comparison,7,8,0.12278231,positive_higher_target_severity,negative_lower_target_severity,false,available_unweighted_target_minus_comparison_mean_difference
GSE153066_support,external_count_level_support_only,external_support_effect_size_and_stability_only,presumed_donor_or_library_key,NP,disc_matrix_homeostasis,degenerated_minus_relatively_normal,CTL4,comparison,7,8,-0.06591541,negative_lower_target_severity,negative_lower_target_severity,true,available_unweighted_target_minus_comparison_mean_difference
GSE153066_support,external_count_level_support_only,external_support_effect_size_and_stability_only,presumed_donor_or_library_key,NP,disc_matrix_homeostasis,degenerated_minus_relatively_normal,CTL5,comparison,7,8,-0.03295474,negative_lower_target_severity,negative_lower_target_severity,true,available_unweighted_target_minus_comparison_mean_difference
GSE153066_support,external_count_level_support_only,external_support_effect_size_and_stability_only,presumed_donor_or_library_key,NP,disc_matrix_homeostasis,degenerated_minus_relatively_normal,CTL6,comparison,7,8,0.07751292,positive_higher_target_severity,negative_lower_target_severity,false,available_unweighted_target_minus_comparison_mean_difference
GSE153066_support,external_count_level_support_only,external_support_effect_size_and_stability_only,presumed_donor_or_library_key,NP,disc_matrix_homeostasis,degenerated_minus_relatively_normal,CTL7,comparison,7,8,-0.00856002,negative_lower_target_severity,negative_lower_target_severity,true,available_unweighted_target_minus_comparison_mean_difference
GSE153066_support,external_count_level_support_only,external_support_effect_size_and_stability_only,presumed_donor_or_library_key,NP,disc_matrix_homeostasis,degenerated_minus_relatively_normal,CTL8,comparison,7,8,-0.15100649,negative_lower_target_severity,negative_lower_target_severity,true,available_unweighted_target_minus_comparison_mean_difference
GSE153066_support,external_count_level_support_only,external_support_effect_size_and_stability_only,presumed_donor_or_library_key,NP,disc_matrix_homeostasis,degenerated_minus_relatively_normal,IDD1,target,8,7,-0.10247017,negative_lower_target_severity,negative_lower_target_severity,true,available_unweighted_target_minus_comparison_mean_difference
GSE153066_support,external_count_level_support_only,external_support_effect_size_and_stability_only,presumed_donor_or_library_key,NP,disc_matrix_homeostasis,degenerated_minus_relatively_normal,IDD2,target,8,7,0.04549126,positive_higher_target_severity,negative_lower_target_severity,false,available_unweighted_target_minus_comparison_mean_difference
GSE153066_support,external_count_level_support_only,external_support_effect_size_and_stability_only,presumed_donor_or_library_key,NP,disc_matrix_homeostasis,degenerated_minus_relatively_normal,IDD3,target,8,7,-0.02609122,negative_lower_target_severity,negative_lower_target_severity,true,available_unweighted_target_minus_comparison_mean_difference
GSE153066_support,external_count_level_support_only,external_support_effect_size_and_stability_only,presumed_donor_or_library_key,NP,disc_matrix_homeostasis,degenerated_minus_relatively_normal,IDD4,target,8,7,-0.15940279,negative_lower_target_severity,negative_lower_target_severity,true,available_unweighted_target_minus_comparison_mean_difference
GSE153066_support,external_count_level_support_only,external_support_effect_size_and_stability_only,presumed_donor_or_library_key,NP,disc_matrix_homeostasis,degenerated_minus_relatively_normal,IDD5,target,8,7,0.01968444,positive_higher_target_severity,negative_lower_target_severity,false,available_unweighted_target_minus_comparison_mean_difference
GSE153066_support,external_count_level_support_only,external_support_effect_size_and_stability_only,presumed_donor_or_library_key,NP,disc_matrix_homeostasis,degenerated_minus_relatively_normal,IDD6,target,8,7,-0.03200458,negative_lower_target_severity,negative_lower_target_severity,true,available_unweighted_target_minus_comparison_mean_difference
GSE153066_support,external_count_level_support_only,external_support_effect_size_and_stability_only,presumed_donor_or_library_key,NP,disc_matrix_homeostasis,degenerated_minus_relatively_normal,IDD7,target,8,7,-0.13755906,negative_lower_target_severity,negative_lower_target_severity,true,available_unweighted_target_minus_comparison_mean_difference
GSE153066_support,external_count_level_support_only,external_support_effect_size_and_stability_only,presumed_donor_or_library_key,NP,disc_matrix_homeostasis,degenerated_minus_relatively_normal,IDD8,target,8,7,0.01463184,positive_higher_target_severity,negative_lower_target_severity,false,available_unweighted_target_minus_comparison_mean_difference
GSE153066_support,external_count_level_support_only,external_support_effect_size_and_stability_only,presumed_donor_or_library_key,NP,ecm_collagen_remodeling,degenerated_minus_relatively_normal,CTL1,comparison,7,8,-0.43821182,negative_lower_target_severity,negative_lower_target_severity,true,available_unweighted_target_minus_comparison_mean_difference
GSE153066_support,external_count_level_support_only,external_support_effect_size_and_stability_only,presumed_donor_or_library_key,NP,ecm_collagen_remodeling,degenerated_minus_relatively_normal,CTL2,comparison,7,8,-0.27630177,negative_lower_target_severity,negative_lower_target_severity,true,available_unweighted_target_minus_comparison_mean_difference
GSE153066_support,external_count_level_support_only,external_support_effect_size_and_stability_only,presumed_donor_or_library_key,NP,ecm_collagen_remodeling,degenerated_minus_relatively_normal,CTL3,comparison,7,8,-0.35609991,negative_lower_target_severity,negative_lower_target_severity,true,available_unweighted_target_minus_comparison_mean_difference
GSE153066_support,external_count_level_support_only,external_support_effect_size_and_stability_only,presumed_donor_or_library_key,NP,ecm_collagen_remodeling,degenerated_minus_relatively_normal,CTL4,comparison,7,8,-0.57591287,negative_lower_target_severity,negative_lower_target_severity,true,available_unweighted_target_minus_comparison_mean_difference
GSE153066_support,external_count_level_support_only,external_support_effect_size_and_stability_only,presumed_donor_or_library_key,NP,ecm_collagen_remodeling,degenerated_minus_relatively_normal,CTL5,comparison,7,8,-0.42019729,negative_lower_target_severity,negative_lower_target_severity,true,available_unweighted_target_minus_comparison_mean_difference
GSE153066_support,external_count_level_support_only,external_support_effect_size_and_stability_only,presumed_donor_or_library_key,NP,ecm_collagen_remodeling,degenerated_minus_relatively_normal,CTL6,comparison,7,8,-0.51221077,negative_lower_target_severity,negative_lower_target_severity,true,available_unweighted_target_minus_comparison_mean_difference
GSE153066_support,external_count_level_support_only,external_support_effect_size_and_stability_only,presumed_donor_or_library_key,NP,ecm_collagen_remodeling,degenerated_minus_relatively_normal,CTL7,comparison,7,8,-0.31239134,negative_lower_target_severity,negative_lower_target_severity,true,available_unweighted_target_minus_comparison_mean_difference
GSE153066_support,external_count_level_support_only,external_support_effect_size_and_stability_only,presumed_donor_or_library_key,NP,ecm_collagen_remodeling,degenerated_minus_relatively_normal,CTL8,comparison,7,8,-0.33589837,negative_lower_target_severity,negative_lower_target_severity,true,available_unweighted_target_minus_comparison_mean_difference
GSE153066_support,external_count_level_support_only,external_support_effect_size_and_stability_only,presumed_donor_or_library_key,NP,ecm_collagen_remodeling,degenerated_minus_relatively_normal,IDD1,target,8,7,-0.21522233,negative_lower_target_severity,negative_lower_target_severity,true,available_unweighted_target_minus_comparison_mean_difference
GSE153066_support,external_count_level_support_only,external_support_effect_size_and_stability_only,presumed_donor_or_library_key,NP,ecm_collagen_remodeling,degenerated_minus_relatively_normal,IDD2,target,8,7,-0.28202077,negative_lower_target_severity,negative_lower_target_severity,true,available_unweighted_target_minus_comparison_mean_difference
GSE153066_support,external_count_level_support_only,external_support_effect_size_and_stability_only,presumed_donor_or_library_key,NP,ecm_collagen_remodeling,degenerated_minus_relatively_normal,IDD3,target,8,7,-0.42826820,negative_lower_target_severity,negative_lower_target_severity,true,available_unweighted_target_minus_comparison_mean_difference
GSE153066_support,external_count_level_support_only,external_support_effect_size_and_stability_only,presumed_donor_or_library_key,NP,ecm_collagen_remodeling,degenerated_minus_relatively_normal,IDD4,target,8,7,-0.52473225,negative_lower_target_severity,negative_lower_target_severity,true,available_unweighted_target_minus_comparison_mean_difference
GSE153066_support,external_count_level_support_only,external_support_effect_size_and_stability_only,presumed_donor_or_library_key,NP,ecm_collagen_remodeling,degenerated_minus_relatively_normal,IDD5,target,8,7,-0.31099612,negative_lower_target_severity,negative_lower_target_severity,true,available_unweighted_target_minus_comparison_mean_difference
GSE153066_support,external_count_level_support_only,external_support_effect_size_and_stability_only,presumed_donor_or_library_key,NP,ecm_collagen_remodeling,degenerated_minus_relatively_normal,IDD6,target,8,7,-0.57771557,negative_lower_target_severity,negative_lower_target_severity,true,available_unweighted_target_minus_comparison_mean_difference
GSE153066_support,external_count_level_support_only,external_support_effect_size_and_stability_only,presumed_donor_or_library_key,NP,ecm_collagen_remodeling,degenerated_minus_relatively_normal,IDD7,target,8,7,-0.37680703,negative_lower_target_severity,negative_lower_target_severity,true,available_unweighted_target_minus_comparison_mean_difference
GSE153066_support,external_count_level_support_only,external_support_effect_size_and_stability_only,presumed_donor_or_library_key,NP,ecm_collagen_remodeling,degenerated_minus_relatively_normal,IDD8,target,8,7,-0.51146189,negative_lower_target_severity,negative_lower_target_severity,true,available_unweighted_target_minus_comparison_mean_difference
GSE153066_support,external_count_level_support_only,external_support_effect_size_and_stability_only,presumed_donor_or_library_key,NP,hypoxia_oxidative_stress,degenerated_minus_relatively_normal,CTL1,comparison,7,8,0.08245252,positive_higher_target_severity,positive_higher_target_severity,true,available_unweighted_target_minus_comparison_mean_difference
GSE153066_support,external_count_level_support_only,external_support_effect_size_and_stability_only,presumed_donor_or_library_key,NP,hypoxia_oxidative_stress,degenerated_minus_relatively_normal,CTL2,comparison,7,8,0.12920679,positive_higher_target_severity,positive_higher_target_severity,true,available_unweighted_target_minus_comparison_mean_difference
GSE153066_support,external_count_level_support_only,external_support_effect_size_and_stability_only,presumed_donor_or_library_key,NP,hypoxia_oxidative_stress,degenerated_minus_relatively_normal,CTL3,comparison,7,8,0.08102520,positive_higher_target_severity,positive_higher_target_severity,true,available_unweighted_target_minus_comparison_mean_difference
GSE153066_support,external_count_level_support_only,external_support_effect_size_and_stability_only,presumed_donor_or_library_key,NP,hypoxia_oxidative_stress,degenerated_minus_relatively_normal,CTL4,comparison,7,8,0.02130639,positive_higher_target_severity,positive_higher_target_severity,true,available_unweighted_target_minus_comparison_mean_difference
GSE153066_support,external_count_level_support_only,external_support_effect_size_and_stability_only,presumed_donor_or_library_key,NP,hypoxia_oxidative_stress,degenerated_minus_relatively_normal,CTL5,comparison,7,8,0.15020200,positive_higher_target_severity,positive_higher_target_severity,true,available_unweighted_target_minus_comparison_mean_difference
GSE153066_support,external_count_level_support_only,external_support_effect_size_and_stability_only,presumed_donor_or_library_key,NP,hypoxia_oxidative_stress,degenerated_minus_relatively_normal,CTL6,comparison,7,8,0.09468036,positive_higher_target_severity,positive_higher_target_severity,true,available_unweighted_target_minus_comparison_mean_difference
GSE153066_support,external_count_level_support_only,external_support_effect_size_and_stability_only,presumed_donor_or_library_key,NP,hypoxia_oxidative_stress,degenerated_minus_relatively_normal,CTL7,comparison,7,8,0.10046120,positive_higher_target_severity,positive_higher_target_severity,true,available_unweighted_target_minus_comparison_mean_difference
GSE153066_support,external_count_level_support_only,external_support_effect_size_and_stability_only,presumed_donor_or_library_key,NP,hypoxia_oxidative_stress,degenerated_minus_relatively_normal,CTL8,comparison,7,8,0.04609025,positive_higher_target_severity,positive_higher_target_severity,true,available_unweighted_target_minus_comparison_mean_difference
GSE153066_support,external_count_level_support_only,external_support_effect_size_and_stability_only,presumed_donor_or_library_key,NP,hypoxia_oxidative_stress,degenerated_minus_relatively_normal,IDD1,target,8,7,0.12612657,positive_higher_target_severity,positive_higher_target_severity,true,available_unweighted_target_minus_comparison_mean_difference
GSE153066_support,external_count_level_support_only,external_support_effect_size_and_stability_only,presumed_donor_or_library_key,NP,hypoxia_oxidative_stress,degenerated_minus_relatively_normal,IDD2,target,8,7,0.03144623,positive_higher_target_severity,positive_higher_target_severity,true,available_unweighted_target_minus_comparison_mean_difference
GSE153066_support,external_count_level_support_only,external_support_effect_size_and_stability_only,presumed_donor_or_library_key,NP,hypoxia_oxidative_stress,degenerated_minus_relatively_normal,IDD3,target,8,7,0.11472058,positive_higher_target_severity,positive_higher_target_severity,true,available_unweighted_target_minus_comparison_mean_difference
GSE153066_support,external_count_level_support_only,external_support_effect_size_and_stability_only,presumed_donor_or_library_key,NP,hypoxia_oxidative_stress,degenerated_minus_relatively_normal,IDD4,target,8,7,0.05054296,positive_higher_target_severity,positive_higher_target_severity,true,available_unweighted_target_minus_comparison_mean_difference
GSE153066_support,external_count_level_support_only,external_support_effect_size_and_stability_only,presumed_donor_or_library_key,NP,hypoxia_oxidative_stress,degenerated_minus_relatively_normal,IDD5,target,8,7,0.13096781,positive_higher_target_severity,positive_higher_target_severity,true,available_unweighted_target_minus_comparison_mean_difference
GSE153066_support,external_count_level_support_only,external_support_effect_size_and_stability_only,presumed_donor_or_library_key,NP,hypoxia_oxidative_stress,degenerated_minus_relatively_normal,IDD6,target,8,7,0.10238535,positive_higher_target_severity,positive_higher_target_severity,true,available_unweighted_target_minus_comparison_mean_difference
GSE153066_support,external_count_level_support_only,external_support_effect_size_and_stability_only,presumed_donor_or_library_key,NP,hypoxia_oxidative_stress,degenerated_minus_relatively_normal,IDD7,target,8,7,0.10487839,positive_higher_target_severity,positive_higher_target_severity,true,available_unweighted_target_minus_comparison_mean_difference
GSE153066_support,external_count_level_support_only,external_support_effect_size_and_stability_only,presumed_donor_or_library_key,NP,hypoxia_oxidative_stress,degenerated_minus_relatively_normal,IDD8,target,8,7,0.04435681,positive_higher_target_severity,positive_higher_target_severity,true,available_unweighted_target_minus_comparison_mean_difference
GSE153066_support,external_count_level_support_only,external_support_effect_size_and_stability_only,presumed_donor_or_library_key,NP,inflammatory_nfkb,degenerated_minus_relatively_normal,CTL1,comparison,7,8,0.76139732,positive_higher_target_severity,positive_higher_target_severity,true,available_unweighted_target_minus_comparison_mean_difference
GSE153066_support,external_count_level_support_only,external_support_effect_size_and_stability_only,presumed_donor_or_library_key,NP,inflammatory_nfkb,degenerated_minus_relatively_normal,CTL2,comparison,7,8,0.75163817,positive_higher_target_severity,positive_higher_target_severity,true,available_unweighted_target_minus_comparison_mean_difference
GSE153066_support,external_count_level_support_only,external_support_effect_size_and_stability_only,presumed_donor_or_library_key,NP,inflammatory_nfkb,degenerated_minus_relatively_normal,CTL3,comparison,7,8,0.64269680,positive_higher_target_severity,positive_higher_target_severity,true,available_unweighted_target_minus_comparison_mean_difference
GSE153066_support,external_count_level_support_only,external_support_effect_size_and_stability_only,presumed_donor_or_library_key,NP,inflammatory_nfkb,degenerated_minus_relatively_normal,CTL4,comparison,7,8,0.52545805,positive_higher_target_severity,positive_higher_target_severity,true,available_unweighted_target_minus_comparison_mean_difference
GSE153066_support,external_count_level_support_only,external_support_effect_size_and_stability_only,presumed_donor_or_library_key,NP,inflammatory_nfkb,degenerated_minus_relatively_normal,CTL5,comparison,7,8,0.67656625,positive_higher_target_severity,positive_higher_target_severity,true,available_unweighted_target_minus_comparison_mean_difference
GSE153066_support,external_count_level_support_only,external_support_effect_size_and_stability_only,presumed_donor_or_library_key,NP,inflammatory_nfkb,degenerated_minus_relatively_normal,CTL6,comparison,7,8,0.56744022,positive_higher_target_severity,positive_higher_target_severity,true,available_unweighted_target_minus_comparison_mean_difference
GSE153066_support,external_count_level_support_only,external_support_effect_size_and_stability_only,presumed_donor_or_library_key,NP,inflammatory_nfkb,degenerated_minus_relatively_normal,CTL7,comparison,7,8,0.77905409,positive_higher_target_severity,positive_higher_target_severity,true,available_unweighted_target_minus_comparison_mean_difference
GSE153066_support,external_count_level_support_only,external_support_effect_size_and_stability_only,presumed_donor_or_library_key,NP,inflammatory_nfkb,degenerated_minus_relatively_normal,CTL8,comparison,7,8,0.73649390,positive_higher_target_severity,positive_higher_target_severity,true,available_unweighted_target_minus_comparison_mean_difference
GSE153066_support,external_count_level_support_only,external_support_effect_size_and_stability_only,presumed_donor_or_library_key,NP,inflammatory_nfkb,degenerated_minus_relatively_normal,IDD1,target,8,7,0.61135549,positive_higher_target_severity,positive_higher_target_severity,true,available_unweighted_target_minus_comparison_mean_difference
GSE153066_support,external_count_level_support_only,external_support_effect_size_and_stability_only,presumed_donor_or_library_key,NP,inflammatory_nfkb,degenerated_minus_relatively_normal,IDD2,target,8,7,0.69715040,positive_higher_target_severity,positive_higher_target_severity,true,available_unweighted_target_minus_comparison_mean_difference
GSE153066_support,external_count_level_support_only,external_support_effect_size_and_stability_only,presumed_donor_or_library_key,NP,inflammatory_nfkb,degenerated_minus_relatively_normal,IDD3,target,8,7,0.68287509,positive_higher_target_severity,positive_higher_target_severity,true,available_unweighted_target_minus_comparison_mean_difference
GSE153066_support,external_count_level_support_only,external_support_effect_size_and_stability_only,presumed_donor_or_library_key,NP,inflammatory_nfkb,degenerated_minus_relatively_normal,IDD4,target,8,7,0.75631067,positive_higher_target_severity,positive_higher_target_severity,true,available_unweighted_target_minus_comparison_mean_difference
GSE153066_support,external_count_level_support_only,external_support_effect_size_and_stability_only,presumed_donor_or_library_key,NP,inflammatory_nfkb,degenerated_minus_relatively_normal,IDD5,target,8,7,0.65639483,positive_higher_target_severity,positive_higher_target_severity,true,available_unweighted_target_minus_comparison_mean_difference
GSE153066_support,external_count_level_support_only,external_support_effect_size_and_stability_only,presumed_donor_or_library_key,NP,inflammatory_nfkb,degenerated_minus_relatively_normal,IDD6,target,8,7,0.68071125,positive_higher_target_severity,positive_higher_target_severity,true,available_unweighted_target_minus_comparison_mean_difference
GSE153066_support,external_count_level_support_only,external_support_effect_size_and_stability_only,presumed_donor_or_library_key,NP,inflammatory_nfkb,degenerated_minus_relatively_normal,IDD7,target,8,7,0.64309990,positive_higher_target_severity,positive_higher_target_severity,true,available_unweighted_target_minus_comparison_mean_difference
GSE153066_support,external_count_level_support_only,external_support_effect_size_and_stability_only,presumed_donor_or_library_key,NP,inflammatory_nfkb,degenerated_minus_relatively_normal,IDD8,target,8,7,0.71284716,positive_higher_target_severity,positive_higher_target_severity,true,available_unweighted_target_minus_comparison_mean_difference
GSE165722_score_level,external_normalized_count_score_level_direction_only,score_level_direction_and_stability_only,presumed_donor_level_sample_key,NP,disc_matrix_homeostasis,severe_minus_mild,Sample1,comparison,3,4,0.79278516,positive_higher_target_severity,positive_higher_target_severity,true,available_unweighted_target_minus_comparison_mean_difference
GSE165722_score_level,external_normalized_count_score_level_direction_only,score_level_direction_and_stability_only,presumed_donor_level_sample_key,NP,disc_matrix_homeostasis,severe_minus_mild,Sample2,comparison,3,4,1.27556507,positive_higher_target_severity,positive_higher_target_severity,true,available_unweighted_target_minus_comparison_mean_difference
GSE165722_score_level,external_normalized_count_score_level_direction_only,score_level_direction_and_stability_only,presumed_donor_level_sample_key,NP,disc_matrix_homeostasis,severe_minus_mild,Sample3,comparison,3,4,0.75642758,positive_higher_target_severity,positive_higher_target_severity,true,available_unweighted_target_minus_comparison_mean_difference
GSE165722_score_level,external_normalized_count_score_level_direction_only,score_level_direction_and_stability_only,presumed_donor_level_sample_key,NP,disc_matrix_homeostasis,severe_minus_mild,Sample4,comparison,3,4,0.22502467,positive_higher_target_severity,positive_higher_target_severity,true,available_unweighted_target_minus_comparison_mean_difference
GSE165722_score_level,external_normalized_count_score_level_direction_only,score_level_direction_and_stability_only,presumed_donor_level_sample_key,NP,disc_matrix_homeostasis,severe_minus_mild,Sample5,target,4,3,0.71726691,positive_higher_target_severity,positive_higher_target_severity,true,available_unweighted_target_minus_comparison_mean_difference
GSE165722_score_level,external_normalized_count_score_level_direction_only,score_level_direction_and_stability_only,presumed_donor_level_sample_key,NP,disc_matrix_homeostasis,severe_minus_mild,Sample6,target,4,3,0.73715674,positive_higher_target_severity,positive_higher_target_severity,true,available_unweighted_target_minus_comparison_mean_difference
GSE165722_score_level,external_normalized_count_score_level_direction_only,score_level_direction_and_stability_only,presumed_donor_level_sample_key,NP,disc_matrix_homeostasis,severe_minus_mild,Sample7,target,4,3,0.64073122,positive_higher_target_severity,positive_higher_target_severity,true,available_unweighted_target_minus_comparison_mean_difference
GSE165722_score_level,external_normalized_count_score_level_direction_only,score_level_direction_and_stability_only,presumed_donor_level_sample_key,NP,disc_matrix_homeostasis,severe_minus_mild,Sample8,target,4,3,0.95464762,positive_higher_target_severity,positive_higher_target_severity,true,available_unweighted_target_minus_comparison_mean_difference
GSE165722_score_level,external_normalized_count_score_level_direction_only,score_level_direction_and_stability_only,presumed_donor_level_sample_key,NP,ecm_collagen_remodeling,severe_minus_mild,Sample1,comparison,3,4,1.39088652,positive_higher_target_severity,positive_higher_target_severity,true,available_unweighted_target_minus_comparison_mean_difference
GSE165722_score_level,external_normalized_count_score_level_direction_only,score_level_direction_and_stability_only,presumed_donor_level_sample_key,NP,ecm_collagen_remodeling,severe_minus_mild,Sample2,comparison,3,4,2.48709427,positive_higher_target_severity,positive_higher_target_severity,true,available_unweighted_target_minus_comparison_mean_difference
GSE165722_score_level,external_normalized_count_score_level_direction_only,score_level_direction_and_stability_only,presumed_donor_level_sample_key,NP,ecm_collagen_remodeling,severe_minus_mild,Sample3,comparison,3,4,1.81953871,positive_higher_target_severity,positive_higher_target_severity,true,available_unweighted_target_minus_comparison_mean_difference
GSE165722_score_level,external_normalized_count_score_level_direction_only,score_level_direction_and_stability_only,presumed_donor_level_sample_key,NP,ecm_collagen_remodeling,severe_minus_mild,Sample4,comparison,3,4,1.01610565,positive_higher_target_severity,positive_higher_target_severity,true,available_unweighted_target_minus_comparison_mean_difference
GSE165722_score_level,external_normalized_count_score_level_direction_only,score_level_direction_and_stability_only,presumed_donor_level_sample_key,NP,ecm_collagen_remodeling,severe_minus_mild,Sample5,target,4,3,1.87561487,positive_higher_target_severity,positive_higher_target_severity,true,available_unweighted_target_minus_comparison_mean_difference
GSE165722_score_level,external_normalized_count_score_level_direction_only,score_level_direction_and_stability_only,presumed_donor_level_sample_key,NP,ecm_collagen_remodeling,severe_minus_mild,Sample6,target,4,3,1.57282565,positive_higher_target_severity,positive_higher_target_severity,true,available_unweighted_target_minus_comparison_mean_difference
GSE165722_score_level,external_normalized_count_score_level_direction_only,score_level_direction_and_stability_only,presumed_donor_level_sample_key,NP,ecm_collagen_remodeling,severe_minus_mild,Sample7,target,4,3,1.50756759,positive_higher_target_severity,positive_higher_target_severity,true,available_unweighted_target_minus_comparison_mean_difference
GSE165722_score_level,external_normalized_count_score_level_direction_only,score_level_direction_and_stability_only,presumed_donor_level_sample_key,NP,ecm_collagen_remodeling,severe_minus_mild,Sample8,target,4,3,1.75761705,positive_higher_target_severity,positive_higher_target_severity,true,available_unweighted_target_minus_comparison_mean_difference
GSE165722_score_level,external_normalized_count_score_level_direction_only,score_level_direction_and_stability_only,presumed_donor_level_sample_key,NP,hypoxia_oxidative_stress,severe_minus_mild,Sample1,comparison,3,4,0.38617894,positive_higher_target_severity,positive_higher_target_severity,true,available_unweighted_target_minus_comparison_mean_difference
GSE165722_score_level,external_normalized_count_score_level_direction_only,score_level_direction_and_stability_only,presumed_donor_level_sample_key,NP,hypoxia_oxidative_stress,severe_minus_mild,Sample2,comparison,3,4,0.56282392,positive_higher_target_severity,positive_higher_target_severity,true,available_unweighted_target_minus_comparison_mean_difference
GSE165722_score_level,external_normalized_count_score_level_direction_only,score_level_direction_and_stability_only,presumed_donor_level_sample_key,NP,hypoxia_oxidative_stress,severe_minus_mild,Sample3,comparison,3,4,0.48044010,positive_higher_target_severity,positive_higher_target_severity,true,available_unweighted_target_minus_comparison_mean_difference
GSE165722_score_level,external_normalized_count_score_level_direction_only,score_level_direction_and_stability_only,presumed_donor_level_sample_key,NP,hypoxia_oxidative_stress,severe_minus_mild,Sample4,comparison,3,4,0.30892745,positive_higher_target_severity,positive_higher_target_severity,true,available_unweighted_target_minus_comparison_mean_difference
GSE165722_score_level,external_normalized_count_score_level_direction_only,score_level_direction_and_stability_only,presumed_donor_level_sample_key,NP,hypoxia_oxidative_stress,severe_minus_mild,Sample5,target,4,3,0.43864573,positive_higher_target_severity,positive_higher_target_severity,true,available_unweighted_target_minus_comparison_mean_difference
GSE165722_score_level,external_normalized_count_score_level_direction_only,score_level_direction_and_stability_only,presumed_donor_level_sample_key,NP,hypoxia_oxidative_stress,severe_minus_mild,Sample6,target,4,3,0.36384872,positive_higher_target_severity,positive_higher_target_severity,true,available_unweighted_target_minus_comparison_mean_difference
GSE165722_score_level,external_normalized_count_score_level_direction_only,score_level_direction_and_stability_only,presumed_donor_level_sample_key,NP,hypoxia_oxidative_stress,severe_minus_mild,Sample7,target,4,3,0.43809665,positive_higher_target_severity,positive_higher_target_severity,true,available_unweighted_target_minus_comparison_mean_difference
GSE165722_score_level,external_normalized_count_score_level_direction_only,score_level_direction_and_stability_only,presumed_donor_level_sample_key,NP,hypoxia_oxidative_stress,severe_minus_mild,Sample8,target,4,3,0.49777932,positive_higher_target_severity,positive_higher_target_severity,true,available_unweighted_target_minus_comparison_mean_difference
GSE165722_score_level,external_normalized_count_score_level_direction_only,score_level_direction_and_stability_only,presumed_donor_level_sample_key,NP,inflammatory_nfkb,severe_minus_mild,Sample1,comparison,3,4,-0.15836898,negative_lower_target_severity,negative_lower_target_severity,true,available_unweighted_target_minus_comparison_mean_difference
GSE165722_score_level,external_normalized_count_score_level_direction_only,score_level_direction_and_stability_only,presumed_donor_level_sample_key,NP,inflammatory_nfkb,severe_minus_mild,Sample2,comparison,3,4,-0.18637972,negative_lower_target_severity,negative_lower_target_severity,true,available_unweighted_target_minus_comparison_mean_difference
GSE165722_score_level,external_normalized_count_score_level_direction_only,score_level_direction_and_stability_only,presumed_donor_level_sample_key,NP,inflammatory_nfkb,severe_minus_mild,Sample3,comparison,3,4,0.23105848,positive_higher_target_severity,negative_lower_target_severity,false,available_unweighted_target_minus_comparison_mean_difference
GSE165722_score_level,external_normalized_count_score_level_direction_only,score_level_direction_and_stability_only,presumed_donor_level_sample_key,NP,inflammatory_nfkb,severe_minus_mild,Sample4,comparison,3,4,0.04561603,positive_higher_target_severity,negative_lower_target_severity,false,available_unweighted_target_minus_comparison_mean_difference
GSE165722_score_level,external_normalized_count_score_level_direction_only,score_level_direction_and_stability_only,presumed_donor_level_sample_key,NP,inflammatory_nfkb,severe_minus_mild,Sample5,target,4,3,-0.00109465,negative_lower_target_severity,negative_lower_target_severity,true,available_unweighted_target_minus_comparison_mean_difference
GSE165722_score_level,external_normalized_count_score_level_direction_only,score_level_direction_and_stability_only,presumed_donor_level_sample_key,NP,inflammatory_nfkb,severe_minus_mild,Sample6,target,4,3,0.07011161,positive_higher_target_severity,negative_lower_target_severity,false,available_unweighted_target_minus_comparison_mean_difference
GSE165722_score_level,external_normalized_count_score_level_direction_only,score_level_direction_and_stability_only,presumed_donor_level_sample_key,NP,inflammatory_nfkb,severe_minus_mild,Sample7,target,4,3,0.07871746,positive_higher_target_severity,negative_lower_target_severity,false,available_unweighted_target_minus_comparison_mean_difference
GSE165722_score_level,external_normalized_count_score_level_direction_only,score_level_direction_and_stability_only,presumed_donor_level_sample_key,NP,inflammatory_nfkb,severe_minus_mild,Sample8,target,4,3,-0.21580862,negative_lower_target_severity,negative_lower_target_severity,true,available_unweighted_target_minus_comparison_mean_difference
GSE230809_discovery,exploratory_discovery_parent_project,exploratory_effect_size_and_stability_only,donor_id,AF,disc_matrix_homeostasis,advanced_degeneration_associated_minus_healthy_low_grade,SP21.015,comparison,2,10,0.42553633,positive_higher_target_severity,positive_higher_target_severity,true,available_unweighted_target_minus_comparison_mean_difference
GSE230809_discovery,exploratory_discovery_parent_project,exploratory_effect_size_and_stability_only,donor_id,AF,disc_matrix_homeostasis,advanced_degeneration_associated_minus_healthy_low_grade,SP21.018,comparison,2,10,0.87484054,positive_higher_target_severity,positive_higher_target_severity,true,available_unweighted_target_minus_comparison_mean_difference
GSE230809_discovery,exploratory_discovery_parent_project,exploratory_effect_size_and_stability_only,donor_id,AF,disc_matrix_homeostasis,advanced_degeneration_associated_minus_healthy_low_grade,SP22.001,comparison,2,10,0.55566683,positive_higher_target_severity,positive_higher_target_severity,true,available_unweighted_target_minus_comparison_mean_difference
GSE230809_discovery,exploratory_discovery_parent_project,exploratory_effect_size_and_stability_only,donor_id,AF,disc_matrix_homeostasis,advanced_degeneration_associated_minus_healthy_low_grade,SP20.002,target,3,9,0.47230810,positive_higher_target_severity,positive_higher_target_severity,true,available_unweighted_target_minus_comparison_mean_difference
GSE230809_discovery,exploratory_discovery_parent_project,exploratory_effect_size_and_stability_only,donor_id,AF,disc_matrix_homeostasis,advanced_degeneration_associated_minus_healthy_low_grade,SP20.006,target,3,9,0.37744358,positive_higher_target_severity,positive_higher_target_severity,true,available_unweighted_target_minus_comparison_mean_difference
GSE230809_discovery,exploratory_discovery_parent_project,exploratory_effect_size_and_stability_only,donor_id,AF,disc_matrix_homeostasis,advanced_degeneration_associated_minus_healthy_low_grade,SP21.007,target,3,9,0.63939401,positive_higher_target_severity,positive_higher_target_severity,true,available_unweighted_target_minus_comparison_mean_difference
GSE230809_discovery,exploratory_discovery_parent_project,exploratory_effect_size_and_stability_only,donor_id,AF,disc_matrix_homeostasis,advanced_degeneration_associated_minus_healthy_low_grade,SP21.011,target,3,9,0.66186076,positive_higher_target_severity,positive_higher_target_severity,true,available_unweighted_target_minus_comparison_mean_difference
GSE230809_discovery,exploratory_discovery_parent_project,exploratory_effect_size_and_stability_only,donor_id,AF,disc_matrix_homeostasis,advanced_degeneration_associated_minus_healthy_low_grade,SP21.013,target,3,9,0.71502730,positive_higher_target_severity,positive_higher_target_severity,true,available_unweighted_target_minus_comparison_mean_difference
GSE230809_discovery,exploratory_discovery_parent_project,exploratory_effect_size_and_stability_only,donor_id,AF,disc_matrix_homeostasis,advanced_degeneration_associated_minus_healthy_low_grade,SP21.014,target,3,9,0.66637031,positive_higher_target_severity,positive_higher_target_severity,true,available_unweighted_target_minus_comparison_mean_difference
GSE230809_discovery,exploratory_discovery_parent_project,exploratory_effect_size_and_stability_only,donor_id,AF,disc_matrix_homeostasis,advanced_degeneration_associated_minus_healthy_low_grade,SP21.016,target,3,9,0.61942171,positive_higher_target_severity,positive_higher_target_severity,true,available_unweighted_target_minus_comparison_mean_difference
GSE230809_discovery,exploratory_discovery_parent_project,exploratory_effect_size_and_stability_only,donor_id,AF,disc_matrix_homeostasis,advanced_degeneration_associated_minus_healthy_low_grade,SP21.017,target,3,9,0.69161592,positive_higher_target_severity,positive_higher_target_severity,true,available_unweighted_target_minus_comparison_mean_difference
GSE230809_discovery,exploratory_discovery_parent_project,exploratory_effect_size_and_stability_only,donor_id,AF,disc_matrix_homeostasis,advanced_degeneration_associated_minus_healthy_low_grade,SP22.002,target,3,9,0.67429255,positive_higher_target_severity,positive_higher_target_severity,true,available_unweighted_target_minus_comparison_mean_difference
GSE230809_discovery,exploratory_discovery_parent_project,exploratory_effect_size_and_stability_only,donor_id,AF,disc_matrix_homeostasis,advanced_degeneration_associated_minus_healthy_low_grade,SP22.003,target,3,9,0.66907812,positive_higher_target_severity,positive_higher_target_severity,true,available_unweighted_target_minus_comparison_mean_difference
GSE230809_discovery,exploratory_discovery_parent_project,exploratory_effect_size_and_stability_only,donor_id,AF,ecm_collagen_remodeling,advanced_degeneration_associated_minus_healthy_low_grade,SP21.015,comparison,2,10,-0.26293988,negative_lower_target_severity,negative_lower_target_severity,true,available_unweighted_target_minus_comparison_mean_difference
GSE230809_discovery,exploratory_discovery_parent_project,exploratory_effect_size_and_stability_only,donor_id,AF,ecm_collagen_remodeling,advanced_degeneration_associated_minus_healthy_low_grade,SP21.018,comparison,2,10,-0.42852392,negative_lower_target_severity,negative_lower_target_severity,true,available_unweighted_target_minus_comparison_mean_difference
GSE230809_discovery,exploratory_discovery_parent_project,exploratory_effect_size_and_stability_only,donor_id,AF,ecm_collagen_remodeling,advanced_degeneration_associated_minus_healthy_low_grade,SP22.001,comparison,2,10,-0.47404105,negative_lower_target_severity,negative_lower_target_severity,true,available_unweighted_target_minus_comparison_mean_difference
GSE230809_discovery,exploratory_discovery_parent_project,exploratory_effect_size_and_stability_only,donor_id,AF,ecm_collagen_remodeling,advanced_degeneration_associated_minus_healthy_low_grade,SP20.002,target,3,9,-0.23471893,negative_lower_target_severity,negative_lower_target_severity,true,available_unweighted_target_minus_comparison_mean_difference
GSE230809_discovery,exploratory_discovery_parent_project,exploratory_effect_size_and_stability_only,donor_id,AF,ecm_collagen_remodeling,advanced_degeneration_associated_minus_healthy_low_grade,SP20.006,target,3,9,-0.25666151,negative_lower_target_severity,negative_lower_target_severity,true,available_unweighted_target_minus_comparison_mean_difference
GSE230809_discovery,exploratory_discovery_parent_project,exploratory_effect_size_and_stability_only,donor_id,AF,ecm_collagen_remodeling,advanced_degeneration_associated_minus_healthy_low_grade,SP21.007,target,3,9,-0.42373465,negative_lower_target_severity,negative_lower_target_severity,true,available_unweighted_target_minus_comparison_mean_difference
GSE230809_discovery,exploratory_discovery_parent_project,exploratory_effect_size_and_stability_only,donor_id,AF,ecm_collagen_remodeling,advanced_degeneration_associated_minus_healthy_low_grade,SP21.011,target,3,9,-0.39806093,negative_lower_target_severity,negative_lower_target_severity,true,available_unweighted_target_minus_comparison_mean_difference
GSE230809_discovery,exploratory_discovery_parent_project,exploratory_effect_size_and_stability_only,donor_id,AF,ecm_collagen_remodeling,advanced_degeneration_associated_minus_healthy_low_grade,SP21.013,target,3,9,-0.45312517,negative_lower_target_severity,negative_lower_target_severity,true,available_unweighted_target_minus_comparison_mean_difference
GSE230809_discovery,exploratory_discovery_parent_project,exploratory_effect_size_and_stability_only,donor_id,AF,ecm_collagen_remodeling,advanced_degeneration_associated_minus_healthy_low_grade,SP21.014,target,3,9,-0.45202772,negative_lower_target_severity,negative_lower_target_severity,true,available_unweighted_target_minus_comparison_mean_difference
GSE230809_discovery,exploratory_discovery_parent_project,exploratory_effect_size_and_stability_only,donor_id,AF,ecm_collagen_remodeling,advanced_degeneration_associated_minus_healthy_low_grade,SP21.016,target,3,9,-0.41681738,negative_lower_target_severity,negative_lower_target_severity,true,available_unweighted_target_minus_comparison_mean_difference
GSE230809_discovery,exploratory_discovery_parent_project,exploratory_effect_size_and_stability_only,donor_id,AF,ecm_collagen_remodeling,advanced_degeneration_associated_minus_healthy_low_grade,SP21.017,target,3,9,-0.44619978,negative_lower_target_severity,negative_lower_target_severity,true,available_unweighted_target_minus_comparison_mean_difference
GSE230809_discovery,exploratory_discovery_parent_project,exploratory_effect_size_and_stability_only,donor_id,AF,ecm_collagen_remodeling,advanced_degeneration_associated_minus_healthy_low_grade,SP22.002,target,3,9,-0.40245109,negative_lower_target_severity,negative_lower_target_severity,true,available_unweighted_target_minus_comparison_mean_difference
GSE230809_discovery,exploratory_discovery_parent_project,exploratory_effect_size_and_stability_only,donor_id,AF,ecm_collagen_remodeling,advanced_degeneration_associated_minus_healthy_low_grade,SP22.003,target,3,9,-0.40121902,negative_lower_target_severity,negative_lower_target_severity,true,available_unweighted_target_minus_comparison_mean_difference
GSE230809_discovery,exploratory_discovery_parent_project,exploratory_effect_size_and_stability_only,donor_id,AF,hypoxia_oxidative_stress,advanced_degeneration_associated_minus_healthy_low_grade,SP21.015,comparison,2,10,0.11034119,positive_higher_target_severity,negative_lower_target_severity,false,available_unweighted_target_minus_comparison_mean_difference
GSE230809_discovery,exploratory_discovery_parent_project,exploratory_effect_size_and_stability_only,donor_id,AF,hypoxia_oxidative_stress,advanced_degeneration_associated_minus_healthy_low_grade,SP21.018,comparison,2,10,-0.06400128,negative_lower_target_severity,negative_lower_target_severity,true,available_unweighted_target_minus_comparison_mean_difference
GSE230809_discovery,exploratory_discovery_parent_project,exploratory_effect_size_and_stability_only,donor_id,AF,hypoxia_oxidative_stress,advanced_degeneration_associated_minus_healthy_low_grade,SP22.001,comparison,2,10,-0.06258020,negative_lower_target_severity,negative_lower_target_severity,true,available_unweighted_target_minus_comparison_mean_difference
GSE230809_discovery,exploratory_discovery_parent_project,exploratory_effect_size_and_stability_only,donor_id,AF,hypoxia_oxidative_stress,advanced_degeneration_associated_minus_healthy_low_grade,SP20.002,target,3,9,0.01212176,positive_higher_target_severity,negative_lower_target_severity,false,available_unweighted_target_minus_comparison_mean_difference
GSE230809_discovery,exploratory_discovery_parent_project,exploratory_effect_size_and_stability_only,donor_id,AF,hypoxia_oxidative_stress,advanced_degeneration_associated_minus_healthy_low_grade,SP20.006,target,3,9,0.00527355,positive_higher_target_severity,negative_lower_target_severity,false,available_unweighted_target_minus_comparison_mean_difference
GSE230809_discovery,exploratory_discovery_parent_project,exploratory_effect_size_and_stability_only,donor_id,AF,hypoxia_oxidative_stress,advanced_degeneration_associated_minus_healthy_low_grade,SP21.007,target,3,9,-0.01965695,negative_lower_target_severity,negative_lower_target_severity,true,available_unweighted_target_minus_comparison_mean_difference
GSE230809_discovery,exploratory_discovery_parent_project,exploratory_effect_size_and_stability_only,donor_id,AF,hypoxia_oxidative_stress,advanced_degeneration_associated_minus_healthy_low_grade,SP21.011,target,3,9,-0.02740677,negative_lower_target_severity,negative_lower_target_severity,true,available_unweighted_target_minus_comparison_mean_difference
GSE230809_discovery,exploratory_discovery_parent_project,exploratory_effect_size_and_stability_only,donor_id,AF,hypoxia_oxidative_stress,advanced_degeneration_associated_minus_healthy_low_grade,SP21.013,target,3,9,0.00005845,positive_higher_target_severity,negative_lower_target_severity,false,available_unweighted_target_minus_comparison_mean_difference
GSE230809_discovery,exploratory_discovery_parent_project,exploratory_effect_size_and_stability_only,donor_id,AF,hypoxia_oxidative_stress,advanced_degeneration_associated_minus_healthy_low_grade,SP21.014,target,3,9,-0.00679706,negative_lower_target_severity,negative_lower_target_severity,true,available_unweighted_target_minus_comparison_mean_difference
GSE230809_discovery,exploratory_discovery_parent_project,exploratory_effect_size_and_stability_only,donor_id,AF,hypoxia_oxidative_stress,advanced_degeneration_associated_minus_healthy_low_grade,SP21.016,target,3,9,-0.01721702,negative_lower_target_severity,negative_lower_target_severity,true,available_unweighted_target_minus_comparison_mean_difference
GSE230809_discovery,exploratory_discovery_parent_project,exploratory_effect_size_and_stability_only,donor_id,AF,hypoxia_oxidative_stress,advanced_degeneration_associated_minus_healthy_low_grade,SP21.017,target,3,9,0.02239263,positive_higher_target_severity,negative_lower_target_severity,false,available_unweighted_target_minus_comparison_mean_difference
GSE230809_discovery,exploratory_discovery_parent_project,exploratory_effect_size_and_stability_only,donor_id,AF,hypoxia_oxidative_stress,advanced_degeneration_associated_minus_healthy_low_grade,SP22.002,target,3,9,-0.01131064,negative_lower_target_severity,negative_lower_target_severity,true,available_unweighted_target_minus_comparison_mean_difference
GSE230809_discovery,exploratory_discovery_parent_project,exploratory_effect_size_and_stability_only,donor_id,AF,hypoxia_oxidative_stress,advanced_degeneration_associated_minus_healthy_low_grade,SP22.003,target,3,9,-0.01159224,negative_lower_target_severity,negative_lower_target_severity,true,available_unweighted_target_minus_comparison_mean_difference
GSE230809_discovery,exploratory_discovery_parent_project,exploratory_effect_size_and_stability_only,donor_id,AF,inflammatory_nfkb,advanced_degeneration_associated_minus_healthy_low_grade,SP21.015,comparison,2,10,0.09686387,positive_higher_target_severity,negative_lower_target_severity,false,available_unweighted_target_minus_comparison_mean_difference
GSE230809_discovery,exploratory_discovery_parent_project,exploratory_effect_size_and_stability_only,donor_id,AF,inflammatory_nfkb,advanced_degeneration_associated_minus_healthy_low_grade,SP21.018,comparison,2,10,-0.00726368,negative_lower_target_severity,negative_lower_target_severity,true,available_unweighted_target_minus_comparison_mean_difference
GSE230809_discovery,exploratory_discovery_parent_project,exploratory_effect_size_and_stability_only,donor_id,AF,inflammatory_nfkb,advanced_degeneration_associated_minus_healthy_low_grade,SP22.001,comparison,2,10,-0.11194186,negative_lower_target_severity,negative_lower_target_severity,true,available_unweighted_target_minus_comparison_mean_difference
GSE230809_discovery,exploratory_discovery_parent_project,exploratory_effect_size_and_stability_only,donor_id,AF,inflammatory_nfkb,advanced_degeneration_associated_minus_healthy_low_grade,SP20.002,target,3,9,-0.04569368,negative_lower_target_severity,negative_lower_target_severity,true,available_unweighted_target_minus_comparison_mean_difference
GSE230809_discovery,exploratory_discovery_parent_project,exploratory_effect_size_and_stability_only,donor_id,AF,inflammatory_nfkb,advanced_degeneration_associated_minus_healthy_low_grade,SP20.006,target,3,9,-0.01473427,negative_lower_target_severity,negative_lower_target_severity,true,available_unweighted_target_minus_comparison_mean_difference
GSE230809_discovery,exploratory_discovery_parent_project,exploratory_effect_size_and_stability_only,donor_id,AF,inflammatory_nfkb,advanced_degeneration_associated_minus_healthy_low_grade,SP21.007,target,3,9,-0.00020609,negative_lower_target_severity,negative_lower_target_severity,true,available_unweighted_target_minus_comparison_mean_difference
GSE230809_discovery,exploratory_discovery_parent_project,exploratory_effect_size_and_stability_only,donor_id,AF,inflammatory_nfkb,advanced_degeneration_associated_minus_healthy_low_grade,SP21.011,target,3,9,0.00952220,positive_higher_target_severity,negative_lower_target_severity,false,available_unweighted_target_minus_comparison_mean_difference
GSE230809_discovery,exploratory_discovery_parent_project,exploratory_effect_size_and_stability_only,donor_id,AF,inflammatory_nfkb,advanced_degeneration_associated_minus_healthy_low_grade,SP21.013,target,3,9,0.00719470,positive_higher_target_severity,negative_lower_target_severity,false,available_unweighted_target_minus_comparison_mean_difference
GSE230809_discovery,exploratory_discovery_parent_project,exploratory_effect_size_and_stability_only,donor_id,AF,inflammatory_nfkb,advanced_degeneration_associated_minus_healthy_low_grade,SP21.014,target,3,9,-0.01109092,negative_lower_target_severity,negative_lower_target_severity,true,available_unweighted_target_minus_comparison_mean_difference
GSE230809_discovery,exploratory_discovery_parent_project,exploratory_effect_size_and_stability_only,donor_id,AF,inflammatory_nfkb,advanced_degeneration_associated_minus_healthy_low_grade,SP21.016,target,3,9,-0.03138948,negative_lower_target_severity,negative_lower_target_severity,true,available_unweighted_target_minus_comparison_mean_difference
GSE230809_discovery,exploratory_discovery_parent_project,exploratory_effect_size_and_stability_only,donor_id,AF,inflammatory_nfkb,advanced_degeneration_associated_minus_healthy_low_grade,SP21.017,target,3,9,-0.00956220,negative_lower_target_severity,negative_lower_target_severity,true,available_unweighted_target_minus_comparison_mean_difference
GSE230809_discovery,exploratory_discovery_parent_project,exploratory_effect_size_and_stability_only,donor_id,AF,inflammatory_nfkb,advanced_degeneration_associated_minus_healthy_low_grade,SP22.002,target,3,9,0.01180404,positive_higher_target_severity,negative_lower_target_severity,false,available_unweighted_target_minus_comparison_mean_difference
GSE230809_discovery,exploratory_discovery_parent_project,exploratory_effect_size_and_stability_only,donor_id,AF,inflammatory_nfkb,advanced_degeneration_associated_minus_healthy_low_grade,SP22.003,target,3,9,0.00968349,positive_higher_target_severity,negative_lower_target_severity,false,available_unweighted_target_minus_comparison_mean_difference
GSE230809_discovery,exploratory_discovery_parent_project,exploratory_effect_size_and_stability_only,donor_id,NP,disc_matrix_homeostasis,advanced_degeneration_associated_minus_healthy_low_grade,SP21.015,comparison,2,8,0.42129694,positive_higher_target_severity,positive_higher_target_severity,true,available_unweighted_target_minus_comparison_mean_difference
GSE230809_discovery,exploratory_discovery_parent_project,exploratory_effect_size_and_stability_only,donor_id,NP,disc_matrix_homeostasis,advanced_degeneration_associated_minus_healthy_low_grade,SP21.018,comparison,2,8,-0.23468030,negative_lower_target_severity,positive_higher_target_severity,false,available_unweighted_target_minus_comparison_mean_difference
GSE230809_discovery,exploratory_discovery_parent_project,exploratory_effect_size_and_stability_only,donor_id,NP,disc_matrix_homeostasis,advanced_degeneration_associated_minus_healthy_low_grade,SP22.001,comparison,2,8,-0.02684959,negative_lower_target_severity,positive_higher_target_severity,false,available_unweighted_target_minus_comparison_mean_difference
GSE230809_discovery,exploratory_discovery_parent_project,exploratory_effect_size_and_stability_only,donor_id,NP,disc_matrix_homeostasis,advanced_degeneration_associated_minus_healthy_low_grade,SP21.007,target,3,7,0.01839867,positive_higher_target_severity,positive_higher_target_severity,true,available_unweighted_target_minus_comparison_mean_difference
GSE230809_discovery,exploratory_discovery_parent_project,exploratory_effect_size_and_stability_only,donor_id,NP,disc_matrix_homeostasis,advanced_degeneration_associated_minus_healthy_low_grade,SP21.011,target,3,7,0.08626067,positive_higher_target_severity,positive_higher_target_severity,true,available_unweighted_target_minus_comparison_mean_difference
GSE230809_discovery,exploratory_discovery_parent_project,exploratory_effect_size_and_stability_only,donor_id,NP,disc_matrix_homeostasis,advanced_degeneration_associated_minus_healthy_low_grade,SP21.013,target,3,7,0.02735454,positive_higher_target_severity,positive_higher_target_severity,true,available_unweighted_target_minus_comparison_mean_difference
GSE230809_discovery,exploratory_discovery_parent_project,exploratory_effect_size_and_stability_only,donor_id,NP,disc_matrix_homeostasis,advanced_degeneration_associated_minus_healthy_low_grade,SP21.014,target,3,7,0.10565200,positive_higher_target_severity,positive_higher_target_severity,true,available_unweighted_target_minus_comparison_mean_difference
GSE230809_discovery,exploratory_discovery_parent_project,exploratory_effect_size_and_stability_only,donor_id,NP,disc_matrix_homeostasis,advanced_degeneration_associated_minus_healthy_low_grade,SP21.016,target,3,7,-0.00094270,negative_lower_target_severity,positive_higher_target_severity,false,available_unweighted_target_minus_comparison_mean_difference
GSE230809_discovery,exploratory_discovery_parent_project,exploratory_effect_size_and_stability_only,donor_id,NP,disc_matrix_homeostasis,advanced_degeneration_associated_minus_healthy_low_grade,SP21.017,target,3,7,-0.00314097,negative_lower_target_severity,positive_higher_target_severity,false,available_unweighted_target_minus_comparison_mean_difference
GSE230809_discovery,exploratory_discovery_parent_project,exploratory_effect_size_and_stability_only,donor_id,NP,disc_matrix_homeostasis,advanced_degeneration_associated_minus_healthy_low_grade,SP22.002,target,3,7,0.09120334,positive_higher_target_severity,positive_higher_target_severity,true,available_unweighted_target_minus_comparison_mean_difference
GSE230809_discovery,exploratory_discovery_parent_project,exploratory_effect_size_and_stability_only,donor_id,NP,disc_matrix_homeostasis,advanced_degeneration_associated_minus_healthy_low_grade,SP22.003,target,3,7,0.10125992,positive_higher_target_severity,positive_higher_target_severity,true,available_unweighted_target_minus_comparison_mean_difference
GSE230809_discovery,exploratory_discovery_parent_project,exploratory_effect_size_and_stability_only,donor_id,NP,ecm_collagen_remodeling,advanced_degeneration_associated_minus_healthy_low_grade,SP21.015,comparison,2,8,0.33522768,positive_higher_target_severity,positive_higher_target_severity,true,available_unweighted_target_minus_comparison_mean_difference
GSE230809_discovery,exploratory_discovery_parent_project,exploratory_effect_size_and_stability_only,donor_id,NP,ecm_collagen_remodeling,advanced_degeneration_associated_minus_healthy_low_grade,SP21.018,comparison,2,8,0.32928848,positive_higher_target_severity,positive_higher_target_severity,true,available_unweighted_target_minus_comparison_mean_difference
GSE230809_discovery,exploratory_discovery_parent_project,exploratory_effect_size_and_stability_only,donor_id,NP,ecm_collagen_remodeling,advanced_degeneration_associated_minus_healthy_low_grade,SP22.001,comparison,2,8,0.37179214,positive_higher_target_severity,positive_higher_target_severity,true,available_unweighted_target_minus_comparison_mean_difference
GSE230809_discovery,exploratory_discovery_parent_project,exploratory_effect_size_and_stability_only,donor_id,NP,ecm_collagen_remodeling,advanced_degeneration_associated_minus_healthy_low_grade,SP21.007,target,3,7,0.35210385,positive_higher_target_severity,positive_higher_target_severity,true,available_unweighted_target_minus_comparison_mean_difference
GSE230809_discovery,exploratory_discovery_parent_project,exploratory_effect_size_and_stability_only,donor_id,NP,ecm_collagen_remodeling,advanced_degeneration_associated_minus_healthy_low_grade,SP21.011,target,3,7,0.38310634,positive_higher_target_severity,positive_higher_target_severity,true,available_unweighted_target_minus_comparison_mean_difference
GSE230809_discovery,exploratory_discovery_parent_project,exploratory_effect_size_and_stability_only,donor_id,NP,ecm_collagen_remodeling,advanced_degeneration_associated_minus_healthy_low_grade,SP21.013,target,3,7,0.31856374,positive_higher_target_severity,positive_higher_target_severity,true,available_unweighted_target_minus_comparison_mean_difference
GSE230809_discovery,exploratory_discovery_parent_project,exploratory_effect_size_and_stability_only,donor_id,NP,ecm_collagen_remodeling,advanced_degeneration_associated_minus_healthy_low_grade,SP21.014,target,3,7,0.33114658,positive_higher_target_severity,positive_higher_target_severity,true,available_unweighted_target_minus_comparison_mean_difference
GSE230809_discovery,exploratory_discovery_parent_project,exploratory_effect_size_and_stability_only,donor_id,NP,ecm_collagen_remodeling,advanced_degeneration_associated_minus_healthy_low_grade,SP21.016,target,3,7,0.31488932,positive_higher_target_severity,positive_higher_target_severity,true,available_unweighted_target_minus_comparison_mean_difference
GSE230809_discovery,exploratory_discovery_parent_project,exploratory_effect_size_and_stability_only,donor_id,NP,ecm_collagen_remodeling,advanced_degeneration_associated_minus_healthy_low_grade,SP21.017,target,3,7,0.31796598,positive_higher_target_severity,positive_higher_target_severity,true,available_unweighted_target_minus_comparison_mean_difference
GSE230809_discovery,exploratory_discovery_parent_project,exploratory_effect_size_and_stability_only,donor_id,NP,ecm_collagen_remodeling,advanced_degeneration_associated_minus_healthy_low_grade,SP22.002,target,3,7,0.36990729,positive_higher_target_severity,positive_higher_target_severity,true,available_unweighted_target_minus_comparison_mean_difference
GSE230809_discovery,exploratory_discovery_parent_project,exploratory_effect_size_and_stability_only,donor_id,NP,ecm_collagen_remodeling,advanced_degeneration_associated_minus_healthy_low_grade,SP22.003,target,3,7,0.37580569,positive_higher_target_severity,positive_higher_target_severity,true,available_unweighted_target_minus_comparison_mean_difference
GSE230809_discovery,exploratory_discovery_parent_project,exploratory_effect_size_and_stability_only,donor_id,NP,hypoxia_oxidative_stress,advanced_degeneration_associated_minus_healthy_low_grade,SP21.015,comparison,2,8,0.21801021,positive_higher_target_severity,positive_higher_target_severity,true,available_unweighted_target_minus_comparison_mean_difference
GSE230809_discovery,exploratory_discovery_parent_project,exploratory_effect_size_and_stability_only,donor_id,NP,hypoxia_oxidative_stress,advanced_degeneration_associated_minus_healthy_low_grade,SP21.018,comparison,2,8,0.11898124,positive_higher_target_severity,positive_higher_target_severity,true,available_unweighted_target_minus_comparison_mean_difference
GSE230809_discovery,exploratory_discovery_parent_project,exploratory_effect_size_and_stability_only,donor_id,NP,hypoxia_oxidative_stress,advanced_degeneration_associated_minus_healthy_low_grade,SP22.001,comparison,2,8,0.19591190,positive_higher_target_severity,positive_higher_target_severity,true,available_unweighted_target_minus_comparison_mean_difference
GSE230809_discovery,exploratory_discovery_parent_project,exploratory_effect_size_and_stability_only,donor_id,NP,hypoxia_oxidative_stress,advanced_degeneration_associated_minus_healthy_low_grade,SP21.007,target,3,7,0.21709183,positive_higher_target_severity,positive_higher_target_severity,true,available_unweighted_target_minus_comparison_mean_difference
GSE230809_discovery,exploratory_discovery_parent_project,exploratory_effect_size_and_stability_only,donor_id,NP,hypoxia_oxidative_stress,advanced_degeneration_associated_minus_healthy_low_grade,SP21.011,target,3,7,0.17664273,positive_higher_target_severity,positive_higher_target_severity,true,available_unweighted_target_minus_comparison_mean_difference
GSE230809_discovery,exploratory_discovery_parent_project,exploratory_effect_size_and_stability_only,donor_id,NP,hypoxia_oxidative_stress,advanced_degeneration_associated_minus_healthy_low_grade,SP21.013,target,3,7,0.19805532,positive_higher_target_severity,positive_higher_target_severity,true,available_unweighted_target_minus_comparison_mean_difference
GSE230809_discovery,exploratory_discovery_parent_project,exploratory_effect_size_and_stability_only,donor_id,NP,hypoxia_oxidative_stress,advanced_degeneration_associated_minus_healthy_low_grade,SP21.014,target,3,7,0.17086456,positive_higher_target_severity,positive_higher_target_severity,true,available_unweighted_target_minus_comparison_mean_difference
GSE230809_discovery,exploratory_discovery_parent_project,exploratory_effect_size_and_stability_only,donor_id,NP,hypoxia_oxidative_stress,advanced_degeneration_associated_minus_healthy_low_grade,SP21.016,target,3,7,0.15103904,positive_higher_target_severity,positive_higher_target_severity,true,available_unweighted_target_minus_comparison_mean_difference
GSE230809_discovery,exploratory_discovery_parent_project,exploratory_effect_size_and_stability_only,donor_id,NP,hypoxia_oxidative_stress,advanced_degeneration_associated_minus_healthy_low_grade,SP21.017,target,3,7,0.15182266,positive_higher_target_severity,positive_higher_target_severity,true,available_unweighted_target_minus_comparison_mean_difference
GSE230809_discovery,exploratory_discovery_parent_project,exploratory_effect_size_and_stability_only,donor_id,NP,hypoxia_oxidative_stress,advanced_degeneration_associated_minus_healthy_low_grade,SP22.002,target,3,7,0.17691397,positive_higher_target_severity,positive_higher_target_severity,true,available_unweighted_target_minus_comparison_mean_difference
GSE230809_discovery,exploratory_discovery_parent_project,exploratory_effect_size_and_stability_only,donor_id,NP,hypoxia_oxidative_stress,advanced_degeneration_associated_minus_healthy_low_grade,SP22.003,target,3,7,0.17864549,positive_higher_target_severity,positive_higher_target_severity,true,available_unweighted_target_minus_comparison_mean_difference
GSE230809_discovery,exploratory_discovery_parent_project,exploratory_effect_size_and_stability_only,donor_id,NP,inflammatory_nfkb,advanced_degeneration_associated_minus_healthy_low_grade,SP21.015,comparison,2,8,-0.03452266,negative_lower_target_severity,negative_lower_target_severity,true,available_unweighted_target_minus_comparison_mean_difference
GSE230809_discovery,exploratory_discovery_parent_project,exploratory_effect_size_and_stability_only,donor_id,NP,inflammatory_nfkb,advanced_degeneration_associated_minus_healthy_low_grade,SP21.018,comparison,2,8,-0.12468666,negative_lower_target_severity,negative_lower_target_severity,true,available_unweighted_target_minus_comparison_mean_difference
GSE230809_discovery,exploratory_discovery_parent_project,exploratory_effect_size_and_stability_only,donor_id,NP,inflammatory_nfkb,advanced_degeneration_associated_minus_healthy_low_grade,SP22.001,comparison,2,8,-0.17356167,negative_lower_target_severity,negative_lower_target_severity,true,available_unweighted_target_minus_comparison_mean_difference
GSE230809_discovery,exploratory_discovery_parent_project,exploratory_effect_size_and_stability_only,donor_id,NP,inflammatory_nfkb,advanced_degeneration_associated_minus_healthy_low_grade,SP21.007,target,3,7,-0.10352239,negative_lower_target_severity,negative_lower_target_severity,true,available_unweighted_target_minus_comparison_mean_difference
GSE230809_discovery,exploratory_discovery_parent_project,exploratory_effect_size_and_stability_only,donor_id,NP,inflammatory_nfkb,advanced_degeneration_associated_minus_healthy_low_grade,SP21.011,target,3,7,-0.10542918,negative_lower_target_severity,negative_lower_target_severity,true,available_unweighted_target_minus_comparison_mean_difference
GSE230809_discovery,exploratory_discovery_parent_project,exploratory_effect_size_and_stability_only,donor_id,NP,inflammatory_nfkb,advanced_degeneration_associated_minus_healthy_low_grade,SP21.013,target,3,7,-0.10415060,negative_lower_target_severity,negative_lower_target_severity,true,available_unweighted_target_minus_comparison_mean_difference
GSE230809_discovery,exploratory_discovery_parent_project,exploratory_effect_size_and_stability_only,donor_id,NP,inflammatory_nfkb,advanced_degeneration_associated_minus_healthy_low_grade,SP21.014,target,3,7,-0.09821842,negative_lower_target_severity,negative_lower_target_severity,true,available_unweighted_target_minus_comparison_mean_difference
GSE230809_discovery,exploratory_discovery_parent_project,exploratory_effect_size_and_stability_only,donor_id,NP,inflammatory_nfkb,advanced_degeneration_associated_minus_healthy_low_grade,SP21.016,target,3,7,-0.11429101,negative_lower_target_severity,negative_lower_target_severity,true,available_unweighted_target_minus_comparison_mean_difference
GSE230809_discovery,exploratory_discovery_parent_project,exploratory_effect_size_and_stability_only,donor_id,NP,inflammatory_nfkb,advanced_degeneration_associated_minus_healthy_low_grade,SP21.017,target,3,7,-0.10064041,negative_lower_target_severity,negative_lower_target_severity,true,available_unweighted_target_minus_comparison_mean_difference
GSE230809_discovery,exploratory_discovery_parent_project,exploratory_effect_size_and_stability_only,donor_id,NP,inflammatory_nfkb,advanced_degeneration_associated_minus_healthy_low_grade,SP22.002,target,3,7,-0.13294985,negative_lower_target_severity,negative_lower_target_severity,true,available_unweighted_target_minus_comparison_mean_difference
GSE230809_discovery,exploratory_discovery_parent_project,exploratory_effect_size_and_stability_only,donor_id,NP,inflammatory_nfkb,advanced_degeneration_associated_minus_healthy_low_grade,SP22.003,target,3,7,-0.12818742,negative_lower_target_severity,negative_lower_target_severity,true,available_unweighted_target_minus_comparison_mean_difference
GSE244889_directional,external_directional_support_only,directional_effect_size_and_stability_only,presumed_donor_or_library_key,NP,disc_matrix_homeostasis,severe_SDD_minus_mild_MDD,Pa-17F,comparison,3,3,0.01497221,positive_higher_target_severity,positive_higher_target_severity,true,available_unweighted_target_minus_comparison_mean_difference
GSE244889_directional,external_directional_support_only,directional_effect_size_and_stability_only,presumed_donor_or_library_key,NP,disc_matrix_homeostasis,severe_SDD_minus_mild_MDD,Pab-24M,comparison,3,3,0.07029987,positive_higher_target_severity,positive_higher_target_severity,true,available_unweighted_target_minus_comparison_mean_difference
GSE244889_directional,external_directional_support_only,directional_effect_size_and_stability_only,presumed_donor_or_library_key,NP,disc_matrix_homeostasis,severe_SDD_minus_mild_MDD,Pab-30M,comparison,3,3,0.04103097,positive_higher_target_severity,positive_higher_target_severity,true,available_unweighted_target_minus_comparison_mean_difference
GSE244889_directional,external_directional_support_only,directional_effect_size_and_stability_only,presumed_donor_or_library_key,NP,disc_matrix_homeostasis,severe_SDD_minus_mild_MDD,Pb-55F,comparison,3,3,0.01962187,positive_higher_target_severity,positive_higher_target_severity,true,available_unweighted_target_minus_comparison_mean_difference
GSE244889_directional,external_directional_support_only,directional_effect_size_and_stability_only,presumed_donor_or_library_key,NP,disc_matrix_homeostasis,severe_SDD_minus_mild_MDD,Pc-41M,target,4,2,-0.07248715,negative_lower_target_severity,positive_higher_target_severity,false,available_unweighted_target_minus_comparison_mean_difference
GSE244889_directional,external_directional_support_only,directional_effect_size_and_stability_only,presumed_donor_or_library_key,NP,disc_matrix_homeostasis,severe_SDD_minus_mild_MDD,Pd-59F,target,4,2,0.19485992,positive_higher_target_severity,positive_higher_target_severity,true,available_unweighted_target_minus_comparison_mean_difference
GSE244889_directional,external_directional_support_only,directional_effect_size_and_stability_only,presumed_donor_or_library_key,NP,disc_matrix_homeostasis,severe_SDD_minus_mild_MDD,Pd-62F,target,4,2,-0.01292908,negative_lower_target_severity,positive_higher_target_severity,false,available_unweighted_target_minus_comparison_mean_difference
GSE244889_directional,external_directional_support_only,directional_effect_size_and_stability_only,presumed_donor_or_library_key,NP,ecm_collagen_remodeling,severe_SDD_minus_mild_MDD,Pa-17F,comparison,3,3,0.86907115,positive_higher_target_severity,positive_higher_target_severity,true,available_unweighted_target_minus_comparison_mean_difference
GSE244889_directional,external_directional_support_only,directional_effect_size_and_stability_only,presumed_donor_or_library_key,NP,ecm_collagen_remodeling,severe_SDD_minus_mild_MDD,Pab-24M,comparison,3,3,1.12561797,positive_higher_target_severity,positive_higher_target_severity,true,available_unweighted_target_minus_comparison_mean_difference
GSE244889_directional,external_directional_support_only,directional_effect_size_and_stability_only,presumed_donor_or_library_key,NP,ecm_collagen_remodeling,severe_SDD_minus_mild_MDD,Pab-30M,comparison,3,3,0.84397380,positive_higher_target_severity,positive_higher_target_severity,true,available_unweighted_target_minus_comparison_mean_difference
GSE244889_directional,external_directional_support_only,directional_effect_size_and_stability_only,presumed_donor_or_library_key,NP,ecm_collagen_remodeling,severe_SDD_minus_mild_MDD,Pb-55F,comparison,3,3,1.04273663,positive_higher_target_severity,positive_higher_target_severity,true,available_unweighted_target_minus_comparison_mean_difference
GSE244889_directional,external_directional_support_only,directional_effect_size_and_stability_only,presumed_donor_or_library_key,NP,ecm_collagen_remodeling,severe_SDD_minus_mild_MDD,Pc-41M,target,4,2,1.19915217,positive_higher_target_severity,positive_higher_target_severity,true,available_unweighted_target_minus_comparison_mean_difference
GSE244889_directional,external_directional_support_only,directional_effect_size_and_stability_only,presumed_donor_or_library_key,NP,ecm_collagen_remodeling,severe_SDD_minus_mild_MDD,Pd-59F,target,4,2,0.90806726,positive_higher_target_severity,positive_higher_target_severity,true,available_unweighted_target_minus_comparison_mean_difference
GSE244889_directional,external_directional_support_only,directional_effect_size_and_stability_only,presumed_donor_or_library_key,NP,ecm_collagen_remodeling,severe_SDD_minus_mild_MDD,Pd-62F,target,4,2,0.80383024,positive_higher_target_severity,positive_higher_target_severity,true,available_unweighted_target_minus_comparison_mean_difference
GSE244889_directional,external_directional_support_only,directional_effect_size_and_stability_only,presumed_donor_or_library_key,NP,hypoxia_oxidative_stress,severe_SDD_minus_mild_MDD,Pa-17F,comparison,3,3,0.19307083,positive_higher_target_severity,positive_higher_target_severity,true,available_unweighted_target_minus_comparison_mean_difference
GSE244889_directional,external_directional_support_only,directional_effect_size_and_stability_only,presumed_donor_or_library_key,NP,hypoxia_oxidative_stress,severe_SDD_minus_mild_MDD,Pab-24M,comparison,3,3,0.27767776,positive_higher_target_severity,positive_higher_target_severity,true,available_unweighted_target_minus_comparison_mean_difference
GSE244889_directional,external_directional_support_only,directional_effect_size_and_stability_only,presumed_donor_or_library_key,NP,hypoxia_oxidative_stress,severe_SDD_minus_mild_MDD,Pab-30M,comparison,3,3,0.26042510,positive_higher_target_severity,positive_higher_target_severity,true,available_unweighted_target_minus_comparison_mean_difference
GSE244889_directional,external_directional_support_only,directional_effect_size_and_stability_only,presumed_donor_or_library_key,NP,hypoxia_oxidative_stress,severe_SDD_minus_mild_MDD,Pb-55F,comparison,3,3,0.22121671,positive_higher_target_severity,positive_higher_target_severity,true,available_unweighted_target_minus_comparison_mean_difference
GSE244889_directional,external_directional_support_only,directional_effect_size_and_stability_only,presumed_donor_or_library_key,NP,hypoxia_oxidative_stress,severe_SDD_minus_mild_MDD,Pc-41M,target,4,2,0.30159889,positive_higher_target_severity,positive_higher_target_severity,true,available_unweighted_target_minus_comparison_mean_difference
GSE244889_directional,external_directional_support_only,directional_effect_size_and_stability_only,presumed_donor_or_library_key,NP,hypoxia_oxidative_stress,severe_SDD_minus_mild_MDD,Pd-59F,target,4,2,0.13372445,positive_higher_target_severity,positive_higher_target_severity,true,available_unweighted_target_minus_comparison_mean_difference
GSE244889_directional,external_directional_support_only,directional_effect_size_and_stability_only,presumed_donor_or_library_key,NP,hypoxia_oxidative_stress,severe_SDD_minus_mild_MDD,Pd-62F,target,4,2,0.27896945,positive_higher_target_severity,positive_higher_target_severity,true,available_unweighted_target_minus_comparison_mean_difference
GSE244889_directional,external_directional_support_only,directional_effect_size_and_stability_only,presumed_donor_or_library_key,NP,inflammatory_nfkb,severe_SDD_minus_mild_MDD,Pa-17F,comparison,3,3,-0.10356724,negative_lower_target_severity,positive_higher_target_severity,false,available_unweighted_target_minus_comparison_mean_difference
GSE244889_directional,external_directional_support_only,directional_effect_size_and_stability_only,presumed_donor_or_library_key,NP,inflammatory_nfkb,severe_SDD_minus_mild_MDD,Pab-24M,comparison,3,3,0.05035833,positive_higher_target_severity,positive_higher_target_severity,true,available_unweighted_target_minus_comparison_mean_difference
GSE244889_directional,external_directional_support_only,directional_effect_size_and_stability_only,presumed_donor_or_library_key,NP,inflammatory_nfkb,severe_SDD_minus_mild_MDD,Pab-30M,comparison,3,3,-0.05837971,negative_lower_target_severity,positive_higher_target_severity,false,available_unweighted_target_minus_comparison_mean_difference
GSE244889_directional,external_directional_support_only,directional_effect_size_and_stability_only,presumed_donor_or_library_key,NP,inflammatory_nfkb,severe_SDD_minus_mild_MDD,Pb-55F,comparison,3,3,0.30875455,positive_higher_target_severity,positive_higher_target_severity,true,available_unweighted_target_minus_comparison_mean_difference
GSE244889_directional,external_directional_support_only,directional_effect_size_and_stability_only,presumed_donor_or_library_key,NP,inflammatory_nfkb,severe_SDD_minus_mild_MDD,Pc-41M,target,4,2,0.20802417,positive_higher_target_severity,positive_higher_target_severity,true,available_unweighted_target_minus_comparison_mean_difference
GSE244889_directional,external_directional_support_only,directional_effect_size_and_stability_only,presumed_donor_or_library_key,NP,inflammatory_nfkb,severe_SDD_minus_mild_MDD,Pd-59F,target,4,2,0.00723625,positive_higher_target_severity,positive_higher_target_severity,true,available_unweighted_target_minus_comparison_mean_difference
GSE244889_directional,external_directional_support_only,directional_effect_size_and_stability_only,presumed_donor_or_library_key,NP,inflammatory_nfkb,severe_SDD_minus_mild_MDD,Pd-62F,target,4,2,-0.06738599,negative_lower_target_severity,positive_higher_target_severity,false,available_unweighted_target_minus_comparison_mean_difference
