"cohort_id","module_id","contrast_label","target_group","target_n","target_mean","target_sd","comparison_group","comparison_n","comparison_mean","comparison_sd","cohort_limitations","raw_mean_difference_target_minus_comparison","hedges_g","hedges_g_variance","hedges_g_standard_error","smdh","smdh_variance","smdh_standard_error","cohort","module","all_cohorts_confirmatory_eligible","analysis_boundary"
"GSE230809_discovery","ecm_collagen_remodeling","advanced_degeneration_associated_minus_healthy_low_grade","advanced_degeneration_associated",8,5.07878688,0.19796665,"healthy_low_grade",3,4.73335078,0.04603474,"One parent project; age and disease status are fully confounded, and the healthy group has n=3 per compartment. Exploratory effect-size and stability display only.",0.3454361,1.7943430053893,0.604681825196493,0.777612901896884,2.19655413317109,0.635711350498066,0.797315088593002,"GSE230809 parent project (NP 3 vs 8)","ECM / collagen remodeling",FALSE,"Exploratory cohort-level standardization only; cells remain nested observations; not confirmation, replication, mechanism, biomarker, or therapy evidence."
"GSE244889_directional","ecm_collagen_remodeling","severe_SDD_minus_mild_MDD","severe_SDD",3,5.72949047,0.40977653,"mild_MDD",4,4.75914058,0.40832457,"Four MDD versus three SDD title-derived presumed donor/library keys; directional support only, not confirmatory validation.",0.97034989,1.99512955555925,0.867657757866624,0.931481485520042,1.99442124371499,1.24886387643546,1.11752578334259,"GSE244889 (NP 4 vs 3)","ECM / collagen remodeling",FALSE,"Exploratory cohort-level standardization only; cells remain nested observations; not confirmation, replication, mechanism, biomarker, or therapy evidence."
"GSE153066_support","ecm_collagen_remodeling","degenerated_minus_relatively_normal","degenerated",8,5.82736372,0.90418391,"relatively_normal",8,6.23076674,0.72129989,"Eight relatively-normal versus eight degenerated presumed sample/library keys. The GEO-retained dense count matrix follows contributor cell filtering; clinical source and age are confounded with disease status. External support only, not an age-independent or causal contrast.",-0.40340302,-0.466250150017952,0.256793412574743,0.506747878707689,-0.466250150017952,0.293861539829133,0.542089973924194,"GSE153066 (NP 8 vs 8)","ECM / collagen remodeling",FALSE,"Exploratory cohort-level standardization only; cells remain nested observations; not confirmation, replication, mechanism, biomarker, or therapy evidence."
"GSE165722_score_level","ecm_collagen_remodeling","severe_minus_mild","severe",4,6.39348001,0.50645444,"mild",4,4.71507373,1.89357151,"Four mild versus four severe presumed sample keys, with severity assigned from the source-publication grouping because GEO and source-publication grades differ. GEO describes supplied values as normalized counts; this cohort supports only score-level direction and leave-one-key-out stability, not raw-count, cell-level, confirmatory, causal, or age-adjusted inference.",1.67840628,1.05186598740621,0.569151378466377,0.754421220848391,1.05186598740621,0.828092758871584,0.909996021349316,"GSE165722 (NP 4 vs 4)","ECM / collagen remodeling",FALSE,"Exploratory cohort-level standardization only; cells remain nested observations; not confirmation, replication, mechanism, biomarker, or therapy evidence."
"GSE230809_discovery","inflammatory_nfkb","advanced_degeneration_associated_minus_healthy_low_grade","advanced_degeneration_associated",8,2.22115378,0.09136621,"healthy_low_grade",3,2.33207744,0.14106774,"One parent project; age and disease status are fully confounded, and the healthy group has n=3 per compartment. Exploratory effect-size and stability display only.",-0.11092366,-0.970285896725551,0.501126729759902,0.707903051102269,-0.852968347378693,0.883723806487767,0.940065852208114,"GSE230809 parent project (NP 3 vs 8)","Inflammatory / NF-kB",FALSE,"Exploratory cohort-level standardization only; cells remain nested observations; not confirmation, replication, mechanism, biomarker, or therapy evidence."
"GSE244889_directional","inflammatory_nfkb","severe_SDD_minus_mild_MDD","severe_SDD",3,2.88844681,0.28488012,"mild_MDD",4,2.83915533,0.55393436,"Four MDD versus three SDD title-derived presumed donor/library keys; directional support only, not confirmatory validation.",0.0492914799999999,0.0890513014307944,0.583899771496656,0.76413334667233,0.0940886445767989,0.737408507071888,0.858724930971431,"GSE244889 (NP 4 vs 3)","Inflammatory / NF-kB",FALSE,"Exploratory cohort-level standardization only; cells remain nested observations; not confirmation, replication, mechanism, biomarker, or therapy evidence."
"GSE153066_support","inflammatory_nfkb","degenerated_minus_relatively_normal","degenerated",8,4.22052703,0.31121035,"relatively_normal",8,3.54043393,0.66258506,"Eight relatively-normal versus eight degenerated presumed sample/library keys. The GEO-retained dense count matrix follows contributor cell filtering; clinical source and age are confounded with disease status. External support only, not an age-independent or causal contrast.",0.680093100000001,1.24198778013215,0.298204176437425,0.546080741683338,1.24198778013215,0.363265965313568,0.602715492843488,"GSE153066 (NP 8 vs 8)","Inflammatory / NF-kB",FALSE,"Exploratory cohort-level standardization only; cells remain nested observations; not confirmation, replication, mechanism, biomarker, or therapy evidence."
"GSE165722_score_level","inflammatory_nfkb","severe_minus_mild","severe",4,4.52640076,0.41180618,"mild",4,4.54341931,0.58513705,"Four mild versus four severe presumed sample keys, with severity assigned from the source-publication grouping because GEO and source-publication grades differ. GEO describes supplied values as normalized counts; this cohort supports only score-level direction and leave-one-key-out stability, not raw-count, cell-level, confirmatory, causal, or age-adjusted inference.",-0.0170185500000004,-0.0292178727384937,0.50005335525546,0.707144508043059,-0.0292178727384937,0.666745911393291,0.816545106771996,"GSE165722 (NP 4 vs 4)","Inflammatory / NF-kB",FALSE,"Exploratory cohort-level standardization only; cells remain nested observations; not confirmation, replication, mechanism, biomarker, or therapy evidence."
"GSE230809_discovery","hypoxia_oxidative_stress","advanced_degeneration_associated_minus_healthy_low_grade","advanced_degeneration_associated",8,5.01783585,0.15417755,"healthy_low_grade",3,4.8402014,0.10396602,"One parent project; age and disease status are fully confounded, and the healthy group has n=3 per compartment. Exploratory effect-size and stability display only.",0.17763445,1.12315938129592,0.515673651323926,0.718104206451909,1.23457830479469,0.597663123868633,0.773086750545263,"GSE230809 parent project (NP 3 vs 8)","Hypoxia / oxidative stress",FALSE,"Exploratory cohort-level standardization only; cells remain nested observations; not confirmation, replication, mechanism, biomarker, or therapy evidence."
"GSE244889_directional","hypoxia_oxidative_stress","severe_SDD_minus_mild_MDD","severe_SDD",3,4.94632123,0.18219043,"mild_MDD",4,4.70822363,0.11459687,"Four MDD versus three SDD title-derived presumed donor/library keys; directional support only, not confirmatory validation.",0.2380976,1.37624626804736,0.718622889784355,0.847716279060603,1.31529984413,1.15072512406218,1.07271856703526,"GSE244889 (NP 4 vs 3)","Hypoxia / oxidative stress",FALSE,"Exploratory cohort-level standardization only; cells remain nested observations; not confirmation, replication, mechanism, biomarker, or therapy evidence."
"GSE153066_support","hypoxia_oxidative_stress","degenerated_minus_relatively_normal","degenerated",8,5.01730299,0.27763385,"relatively_normal",8,4.9291249,0.2904383,"Eight relatively-normal versus eight degenerated presumed sample/library keys. The GEO-retained dense count matrix follows contributor cell filtering; clinical source and age are confounded with disease status. External support only, not an age-independent or causal contrast.",0.0881780900000004,0.293387029132686,0.252689873401978,0.502682676647981,0.293387029132686,0.288794667792164,0.537396192573192,"GSE153066 (NP 8 vs 8)","Hypoxia / oxidative stress",FALSE,"Exploratory cohort-level standardization only; cells remain nested observations; not confirmation, replication, mechanism, biomarker, or therapy evidence."
"GSE165722_score_level","hypoxia_oxidative_stress","severe_minus_mild","severe",4,5.07041681,0.16455361,"mild",4,4.6358242,0.33172674,"Four mild versus four severe presumed sample keys, with severity assigned from the source-publication grouping because GEO and source-publication grades differ. GEO describes supplied values as normalized counts; this cohort supports only score-level direction and leave-one-key-out stability, not raw-count, cell-level, confirmatory, causal, or age-adjusted inference.",0.43459261,1.44171453457446,0.629908799950203,0.793667940608793,1.44171453457446,0.903288656165272,0.950414991551202,"GSE165722 (NP 4 vs 4)","Hypoxia / oxidative stress",FALSE,"Exploratory cohort-level standardization only; cells remain nested observations; not confirmation, replication, mechanism, biomarker, or therapy evidence."
"GSE230809_discovery","disc_matrix_homeostasis","advanced_degeneration_associated_minus_healthy_low_grade","advanced_degeneration_associated",8,1.98518521,0.33027479,"healthy_low_grade",3,1.93192953,0.67048991,"One parent project; age and disease status are fully confounded, and the healthy group has n=3 per compartment. Exploratory effect-size and stability display only.",0.0532556800000001,0.113231990406438,0.458916128044761,0.677433486066906,0.0920878598269981,0.861922371336284,0.928397744146486,"GSE230809 parent project (NP 3 vs 8)","Disc matrix homeostasis",FALSE,"Exploratory cohort-level standardization only; cells remain nested observations; not confirmation, replication, mechanism, biomarker, or therapy evidence."
"GSE244889_directional","disc_matrix_homeostasis","severe_SDD_minus_mild_MDD","severe_SDD",3,5.30071394,0.28071087,"mild_MDD",4,5.26423271,0.07572205,"Four MDD versus three SDD title-derived presumed donor/library keys; directional support only, not confirmatory validation.",0.0364812299999997,0.164040697092892,0.585255429783528,0.765019888488873,0.149189758567414,0.982242220315217,0.991081338899697,"GSE244889 (NP 4 vs 3)","Disc matrix homeostasis",FALSE,"Exploratory cohort-level standardization only; cells remain nested observations; not confirmation, replication, mechanism, biomarker, or therapy evidence."
"GSE153066_support","disc_matrix_homeostasis","degenerated_minus_relatively_normal","degenerated",8,4.56840922,0.53816084,"relatively_normal",8,4.61562426,1.09180826,"Eight relatively-normal versus eight degenerated presumed sample/library keys. The GEO-retained dense count matrix follows contributor cell filtering; clinical source and age are confounded with disease status. External support only, not an age-independent or causal contrast.",-0.0472150399999993,-0.0518542975150951,0.250084027130337,0.500084020070965,-0.0518542975150951,0.285845940359486,0.534645621285246,"GSE153066 (NP 8 vs 8)","Disc matrix homeostasis",FALSE,"Exploratory cohort-level standardization only; cells remain nested observations; not confirmation, replication, mechanism, biomarker, or therapy evidence."
"GSE165722_score_level","disc_matrix_homeostasis","severe_minus_mild","severe",4,4.75190189,0.40411625,"mild",4,3.98945127,1.28810274,"Four mild versus four severe presumed sample keys, with severity assigned from the source-publication grouping because GEO and source-publication grades differ. GEO describes supplied values as normalized counts; this cohort supports only score-level direction and leave-one-key-out stability, not raw-count, cell-level, confirmatory, causal, or age-adjusted inference.",0.76245062,0.69378339655452,0.53008346258342,0.728068309009134,0.69378339655452,0.733800541741047,0.856621586081653,"GSE165722 (NP 4 vs 4)","Disc matrix homeostasis",FALSE,"Exploratory cohort-level standardization only; cells remain nested observations; not confirmation, replication, mechanism, biomarker, or therapy evidence."
