cohort_id,cohort_role,analysis_role,inference_key_type,compartment,module_id,comparison_label,target_label,contrast_label,severity_orientation,comparison_n,target_n,comparison_mean_module_score_log1p_cpm,target_mean_module_score_log1p_cpm,mean_difference_target_minus_comparison,effect_direction,effect_status,analytic_ci_method,analytic_ci_lower,analytic_ci_upper,analytic_standard_error,analytic_welch_df,analytic_ci_status,bootstrap_ci_method,bootstrap_ci_lower,bootstrap_ci_upper,bootstrap_ci_status,bootstrap_replicates,bootstrap_seed,leave_one_out_total_keys,leave_one_out_available_effects,leave_one_out_nonzero_directional_effects,leave_one_out_matching_full_direction,leave_one_out_direction_retention_fraction,leave_one_out_stability_status,confirmatory_eligible,cohort_limitations,inference_boundary
GSE153066_support,external_count_level_support_only,external_support_effect_size_and_stability_only,presumed_donor_or_library_key,NP,disc_matrix_homeostasis,relatively_normal,degenerated,degenerated_minus_relatively_normal,higher_severity_minus_lower_severity,8,8,4.61562426,4.56840922,-0.04721504,negative_lower_target_severity,available_unweighted_target_minus_comparison_mean_difference,Welch_t_interval_for_unweighted_donor_or_library_mean_difference,-1.00342257,0.90899250,0.43035775,10.21182413,available_welch_t,independent_percentile_donor_or_library_bootstrap,-0.77874252,0.79710136,available_percentile_donor_bootstrap,10000,10810513092972353997,16,16,16,10,0.62500000,direction_retention_below_0.80,false,"Eight relatively-normal versus eight degenerated presumed sample/library keys. The GEO-retained dense count matrix follows contributor cell filtering; clinical source and age are confounded with disease status. External support only, not an age-independent or causal contrast.","Descriptive donor/library-level effect only; no cell-level test, p-value, causal, age-independent, or therapeutic interpretation."
GSE153066_support,external_count_level_support_only,external_support_effect_size_and_stability_only,presumed_donor_or_library_key,NP,ecm_collagen_remodeling,relatively_normal,degenerated,degenerated_minus_relatively_normal,higher_severity_minus_lower_severity,8,8,6.23076674,5.82736372,-0.40340302,negative_lower_target_severity,available_unweighted_target_minus_comparison_mean_difference,Welch_t_interval_for_unweighted_donor_or_library_mean_difference,-1.28456153,0.47775550,0.40893491,13.34125578,available_welch_t,independent_percentile_donor_or_library_bootstrap,-1.14281819,0.35593635,available_percentile_donor_bootstrap,10000,10035503296759117981,16,16,16,16,1.00000000,direction_retained_at_or_above_0.80,false,"Eight relatively-normal versus eight degenerated presumed sample/library keys. The GEO-retained dense count matrix follows contributor cell filtering; clinical source and age are confounded with disease status. External support only, not an age-independent or causal contrast.","Descriptive donor/library-level effect only; no cell-level test, p-value, causal, age-independent, or therapeutic interpretation."
GSE153066_support,external_count_level_support_only,external_support_effect_size_and_stability_only,presumed_donor_or_library_key,NP,hypoxia_oxidative_stress,relatively_normal,degenerated,degenerated_minus_relatively_normal,higher_severity_minus_lower_severity,8,8,4.92912490,5.01730299,0.08817809,positive_higher_target_severity,available_unweighted_target_minus_comparison_mean_difference,Welch_t_interval_for_unweighted_donor_or_library_mean_difference,-0.21655572,0.39291190,0.14205411,13.97163513,available_welch_t,independent_percentile_donor_or_library_bootstrap,-0.16894301,0.35344637,available_percentile_donor_bootstrap,10000,1528756997229563001,16,16,16,16,1.00000000,direction_retained_at_or_above_0.80,false,"Eight relatively-normal versus eight degenerated presumed sample/library keys. The GEO-retained dense count matrix follows contributor cell filtering; clinical source and age are confounded with disease status. External support only, not an age-independent or causal contrast.","Descriptive donor/library-level effect only; no cell-level test, p-value, causal, age-independent, or therapeutic interpretation."
GSE153066_support,external_count_level_support_only,external_support_effect_size_and_stability_only,presumed_donor_or_library_key,NP,inflammatory_nfkb,relatively_normal,degenerated,degenerated_minus_relatively_normal,higher_severity_minus_lower_severity,8,8,3.54043393,4.22052703,0.68009310,positive_higher_target_severity,available_unweighted_target_minus_comparison_mean_difference,Welch_t_interval_for_unweighted_donor_or_library_mean_difference,0.10299213,1.25719407,0.25881239,9.94519826,available_welch_t,independent_percentile_donor_or_library_bootstrap,0.23209411,1.17188083,available_percentile_donor_bootstrap,10000,16092071903835049917,16,16,16,16,1.00000000,direction_retained_at_or_above_0.80,false,"Eight relatively-normal versus eight degenerated presumed sample/library keys. The GEO-retained dense count matrix follows contributor cell filtering; clinical source and age are confounded with disease status. External support only, not an age-independent or causal contrast.","Descriptive donor/library-level effect only; no cell-level test, p-value, causal, age-independent, or therapeutic interpretation."
GSE165722_score_level,external_normalized_count_score_level_direction_only,score_level_direction_and_stability_only,presumed_donor_level_sample_key,NP,disc_matrix_homeostasis,mild,severe,severe_minus_mild,higher_severity_minus_lower_severity,4,4,3.98945127,4.75190189,0.76245062,positive_higher_target_severity,available_unweighted_target_minus_comparison_mean_difference,Welch_t_interval_for_unweighted_donor_or_library_mean_difference,-1.20042605,2.72532729,0.67500345,3.58489213,available_welch_t,independent_percentile_donor_or_library_bootstrap,-0.36660838,1.88538054,available_percentile_donor_bootstrap,10000,5868978903994410820,8,8,8,8,1.00000000,direction_retained_at_or_above_0.80,false,"Four mild versus four severe presumed sample keys, with severity assigned from the source-publication grouping because GEO and source-publication grades differ. GEO describes supplied values as normalized counts; this cohort supports only score-level direction and leave-one-key-out stability, not raw-count, cell-level, confirmatory, causal, or age-adjusted inference.","Descriptive donor/library-level effect only; no cell-level test, p-value, causal, age-independent, or therapeutic interpretation."
GSE165722_score_level,external_normalized_count_score_level_direction_only,score_level_direction_and_stability_only,presumed_donor_level_sample_key,NP,ecm_collagen_remodeling,mild,severe,severe_minus_mild,higher_severity_minus_lower_severity,4,4,4.71507373,6.39348001,1.67840629,positive_higher_target_severity,available_unweighted_target_minus_comparison_mean_difference,Welch_t_interval_for_unweighted_donor_or_library_mean_difference,-1.23185620,4.58866878,0.98006494,3.42702360,available_welch_t,independent_percentile_donor_or_library_bootstrap,-0.05904520,3.24562899,available_percentile_donor_bootstrap,10000,7247435287446707289,8,8,8,8,1.00000000,direction_retained_at_or_above_0.80,false,"Four mild versus four severe presumed sample keys, with severity assigned from the source-publication grouping because GEO and source-publication grades differ. GEO describes supplied values as normalized counts; this cohort supports only score-level direction and leave-one-key-out stability, not raw-count, cell-level, confirmatory, causal, or age-adjusted inference.","Descriptive donor/library-level effect only; no cell-level test, p-value, causal, age-independent, or therapeutic interpretation."
GSE165722_score_level,external_normalized_count_score_level_direction_only,score_level_direction_and_stability_only,presumed_donor_level_sample_key,NP,hypoxia_oxidative_stress,mild,severe,severe_minus_mild,higher_severity_minus_lower_severity,4,4,4.63582420,5.07041681,0.43459260,positive_higher_target_severity,available_unweighted_target_minus_comparison_mean_difference,Welch_t_interval_for_unweighted_donor_or_library_mean_difference,-0.06186006,0.93104526,0.18514894,4.39211258,available_welch_t,independent_percentile_donor_or_library_bootstrap,0.11778844,0.74047282,available_percentile_donor_bootstrap,10000,12656133854885452024,8,8,8,8,1.00000000,direction_retained_at_or_above_0.80,false,"Four mild versus four severe presumed sample keys, with severity assigned from the source-publication grouping because GEO and source-publication grades differ. GEO describes supplied values as normalized counts; this cohort supports only score-level direction and leave-one-key-out stability, not raw-count, cell-level, confirmatory, causal, or age-adjusted inference.","Descriptive donor/library-level effect only; no cell-level test, p-value, causal, age-independent, or therapeutic interpretation."
GSE165722_score_level,external_normalized_count_score_level_direction_only,score_level_direction_and_stability_only,presumed_donor_level_sample_key,NP,inflammatory_nfkb,mild,severe,severe_minus_mild,higher_severity_minus_lower_severity,4,4,4.54341931,4.52640076,-0.01701855,negative_lower_target_severity,available_unweighted_target_minus_comparison_mean_difference,Welch_t_interval_for_unweighted_donor_or_library_mean_difference,-0.91717851,0.88314142,0.35776029,5.38637793,available_welch_t,independent_percentile_donor_or_library_bootstrap,-0.62216779,0.57943342,available_percentile_donor_bootstrap,10000,3322943619127091419,8,8,8,4,0.50000000,direction_retention_below_0.80,false,"Four mild versus four severe presumed sample keys, with severity assigned from the source-publication grouping because GEO and source-publication grades differ. GEO describes supplied values as normalized counts; this cohort supports only score-level direction and leave-one-key-out stability, not raw-count, cell-level, confirmatory, causal, or age-adjusted inference.","Descriptive donor/library-level effect only; no cell-level test, p-value, causal, age-independent, or therapeutic interpretation."
GSE230809_discovery,exploratory_discovery_parent_project,exploratory_effect_size_and_stability_only,donor_id,AF,disc_matrix_homeostasis,healthy_low_grade,advanced_degeneration_associated,advanced_degeneration_associated_minus_healthy_low_grade,higher_severity_minus_lower_severity,3,10,2.33123559,2.94991683,0.61868124,positive_higher_target_severity,available_unweighted_target_minus_comparison_mean_difference,Welch_t_interval_for_unweighted_donor_or_library_mean_difference,-0.32387011,1.56123258,0.40650138,7.75602460,available_welch_t,independent_percentile_donor_or_library_bootstrap,-0.07495608,1.36626190,available_percentile_donor_bootstrap,10000,9831210821719315014,13,13,13,13,1.00000000,direction_retained_at_or_above_0.80,false,"One parent project; age and disease status are fully confounded, and the healthy group has n=3 per compartment. Exploratory effect-size and stability display only.","Descriptive donor/library-level effect only; no cell-level test, p-value, causal, age-independent, or therapeutic interpretation."
GSE230809_discovery,exploratory_discovery_parent_project,exploratory_effect_size_and_stability_only,donor_id,AF,ecm_collagen_remodeling,healthy_low_grade,advanced_degeneration_associated,advanced_degeneration_associated_minus_healthy_low_grade,higher_severity_minus_lower_severity,3,10,5.24876010,4.86025848,-0.38850162,negative_lower_target_severity,available_unweighted_target_minus_comparison_mean_difference,Welch_t_interval_for_unweighted_donor_or_library_mean_difference,-0.95611805,0.17911481,0.25692940,10.67336155,available_welch_t,independent_percentile_donor_or_library_bootstrap,-0.88190121,0.03061180,available_percentile_donor_bootstrap,10000,2127152777455382721,13,13,13,13,1.00000000,direction_retained_at_or_above_0.80,false,"One parent project; age and disease status are fully confounded, and the healthy group has n=3 per compartment. Exploratory effect-size and stability display only.","Descriptive donor/library-level effect only; no cell-level test, p-value, causal, age-independent, or therapeutic interpretation."
GSE230809_discovery,exploratory_discovery_parent_project,exploratory_effect_size_and_stability_only,donor_id,AF,hypoxia_oxidative_stress,healthy_low_grade,advanced_degeneration_associated,advanced_degeneration_associated_minus_healthy_low_grade,higher_severity_minus_lower_severity,3,10,5.03509832,5.02968489,-0.00541343,negative_lower_target_severity,available_unweighted_target_minus_comparison_mean_difference,Welch_t_interval_for_unweighted_donor_or_library_mean_difference,-0.43581562,0.42498876,0.12374505,2.60005045,available_welch_t,independent_percentile_donor_or_library_bootstrap,-0.22561817,0.16534104,available_percentile_donor_bootstrap,10000,4717711339435214798,13,13,13,8,0.61538462,direction_retention_below_0.80,false,"One parent project; age and disease status are fully confounded, and the healthy group has n=3 per compartment. Exploratory effect-size and stability display only.","Descriptive donor/library-level effect only; no cell-level test, p-value, causal, age-independent, or therapeutic interpretation."
GSE230809_discovery,exploratory_discovery_parent_project,exploratory_effect_size_and_stability_only,donor_id,AF,inflammatory_nfkb,healthy_low_grade,advanced_degeneration_associated,advanced_degeneration_associated_minus_healthy_low_grade,higher_severity_minus_lower_severity,3,10,2.34861212,2.34116490,-0.00744722,negative_lower_target_severity,available_unweighted_target_minus_comparison_mean_difference,Welch_t_interval_for_unweighted_donor_or_library_mean_difference,-0.43873909,0.42384465,0.13238756,2.88147718,available_welch_t,independent_percentile_donor_or_library_bootstrap,-0.22247371,0.20934529,available_percentile_donor_bootstrap,10000,17536857653964744761,13,13,13,8,0.61538462,direction_retention_below_0.80,false,"One parent project; age and disease status are fully confounded, and the healthy group has n=3 per compartment. Exploratory effect-size and stability display only.","Descriptive donor/library-level effect only; no cell-level test, p-value, causal, age-independent, or therapeutic interpretation."
GSE230809_discovery,exploratory_discovery_parent_project,exploratory_effect_size_and_stability_only,donor_id,NP,disc_matrix_homeostasis,healthy_low_grade,advanced_degeneration_associated,advanced_degeneration_associated_minus_healthy_low_grade,higher_severity_minus_lower_severity,3,8,1.93192953,1.98518521,0.05325568,positive_higher_target_severity,available_unweighted_target_minus_comparison_mean_difference,Welch_t_interval_for_unweighted_donor_or_library_mean_difference,-1.44805815,1.55456951,0.40433577,2.37490410,available_welch_t,independent_percentile_donor_or_library_bootstrap,-0.63081425,0.64765160,available_percentile_donor_bootstrap,10000,2016318435805020411,11,11,11,7,0.63636364,direction_retention_below_0.80,false,"One parent project; age and disease status are fully confounded, and the healthy group has n=3 per compartment. Exploratory effect-size and stability display only.","Descriptive donor/library-level effect only; no cell-level test, p-value, causal, age-independent, or therapeutic interpretation."
GSE230809_discovery,exploratory_discovery_parent_project,exploratory_effect_size_and_stability_only,donor_id,NP,ecm_collagen_remodeling,healthy_low_grade,advanced_degeneration_associated,advanced_degeneration_associated_minus_healthy_low_grade,higher_severity_minus_lower_severity,3,8,4.73335078,5.07878688,0.34543610,positive_higher_target_severity,available_unweighted_target_minus_comparison_mean_difference,Welch_t_interval_for_unweighted_donor_or_library_mean_difference,0.17468005,0.51619215,0.07486821,8.54262011,available_welch_t,independent_percentile_donor_or_library_bootstrap,0.20998040,0.47773136,available_percentile_donor_bootstrap,10000,16407199004370792975,11,11,11,11,1.00000000,direction_retained_at_or_above_0.80,false,"One parent project; age and disease status are fully confounded, and the healthy group has n=3 per compartment. Exploratory effect-size and stability display only.","Descriptive donor/library-level effect only; no cell-level test, p-value, causal, age-independent, or therapeutic interpretation."
GSE230809_discovery,exploratory_discovery_parent_project,exploratory_effect_size_and_stability_only,donor_id,NP,hypoxia_oxidative_stress,healthy_low_grade,advanced_degeneration_associated,advanced_degeneration_associated_minus_healthy_low_grade,higher_severity_minus_lower_severity,3,8,4.84020140,5.01783585,0.17763445,positive_higher_target_severity,available_unweighted_target_minus_comparison_mean_difference,Welch_t_interval_for_unweighted_donor_or_library_mean_difference,-0.02448574,0.37975464,0.08108217,5.57555553,available_welch_t,independent_percentile_donor_or_library_bootstrap,0.04293873,0.31590665,available_percentile_donor_bootstrap,10000,5515099262552919897,11,11,11,11,1.00000000,direction_retained_at_or_above_0.80,false,"One parent project; age and disease status are fully confounded, and the healthy group has n=3 per compartment. Exploratory effect-size and stability display only.","Descriptive donor/library-level effect only; no cell-level test, p-value, causal, age-independent, or therapeutic interpretation."
GSE230809_discovery,exploratory_discovery_parent_project,exploratory_effect_size_and_stability_only,donor_id,NP,inflammatory_nfkb,healthy_low_grade,advanced_degeneration_associated,advanced_degeneration_associated_minus_healthy_low_grade,higher_severity_minus_lower_severity,3,8,2.33207744,2.22115378,-0.11092366,negative_lower_target_severity,available_unweighted_target_minus_comparison_mean_difference,Welch_t_interval_for_unweighted_donor_or_library_mean_difference,-0.41105700,0.18920968,0.08761759,2.65991155,available_welch_t,independent_percentile_donor_or_library_bootstrap,-0.25967413,0.02202575,available_percentile_donor_bootstrap,10000,16933714719755504395,11,11,11,11,1.00000000,direction_retained_at_or_above_0.80,false,"One parent project; age and disease status are fully confounded, and the healthy group has n=3 per compartment. Exploratory effect-size and stability display only.","Descriptive donor/library-level effect only; no cell-level test, p-value, causal, age-independent, or therapeutic interpretation."
GSE244889_directional,external_directional_support_only,directional_effect_size_and_stability_only,presumed_donor_or_library_key,NP,disc_matrix_homeostasis,mild_MDD,severe_SDD,severe_SDD_minus_mild_MDD,higher_severity_minus_lower_severity,4,3,5.26423271,5.30071394,0.03648123,positive_higher_target_severity,available_unweighted_target_minus_comparison_mean_difference,Welch_t_interval_for_unweighted_donor_or_library_mean_difference,-0.61577110,0.68873356,0.16643213,2.21984594,available_welch_t,independent_percentile_donor_or_library_bootstrap,-0.26421932,0.25969560,available_percentile_donor_bootstrap,10000,261479747017731679,7,7,7,5,0.71428571,direction_retention_below_0.80,false,"Four MDD versus three SDD title-derived presumed donor/library keys; directional support only, not confirmatory validation.","Descriptive donor/library-level effect only; no cell-level test, p-value, causal, age-independent, or therapeutic interpretation."
GSE244889_directional,external_directional_support_only,directional_effect_size_and_stability_only,presumed_donor_or_library_key,NP,ecm_collagen_remodeling,mild_MDD,severe_SDD,severe_SDD_minus_mild_MDD,higher_severity_minus_lower_severity,4,3,4.75914058,5.72949047,0.97034989,positive_higher_target_severity,available_unweighted_target_minus_comparison_mean_difference,Welch_t_interval_for_unweighted_donor_or_library_mean_difference,0.13590242,1.80479736,0.31249721,4.44466581,available_welch_t,independent_percentile_donor_or_library_bootstrap,0.43505429,1.45246131,available_percentile_donor_bootstrap,10000,15034359627284215531,7,7,7,7,1.00000000,direction_retained_at_or_above_0.80,false,"Four MDD versus three SDD title-derived presumed donor/library keys; directional support only, not confirmatory validation.","Descriptive donor/library-level effect only; no cell-level test, p-value, causal, age-independent, or therapeutic interpretation."
GSE244889_directional,external_directional_support_only,directional_effect_size_and_stability_only,presumed_donor_or_library_key,NP,hypoxia_oxidative_stress,mild_MDD,severe_SDD,severe_SDD_minus_mild_MDD,higher_severity_minus_lower_severity,4,3,4.70822363,4.94632123,0.23809760,positive_higher_target_severity,available_unweighted_target_minus_comparison_mean_difference,Welch_t_interval_for_unweighted_donor_or_library_mean_difference,-0.13139059,0.60758578,0.11978131,3.17654167,available_welch_t,independent_percentile_donor_or_library_bootstrap,0.06272611,0.44684389,available_percentile_donor_bootstrap,10000,4597216340779582101,7,7,7,7,1.00000000,direction_retained_at_or_above_0.80,false,"Four MDD versus three SDD title-derived presumed donor/library keys; directional support only, not confirmatory validation.","Descriptive donor/library-level effect only; no cell-level test, p-value, causal, age-independent, or therapeutic interpretation."
GSE244889_directional,external_directional_support_only,directional_effect_size_and_stability_only,presumed_donor_or_library_key,NP,inflammatory_nfkb,mild_MDD,severe_SDD,severe_SDD_minus_mild_MDD,higher_severity_minus_lower_severity,4,3,2.83915533,2.88844681,0.04929148,positive_higher_target_severity,available_unweighted_target_minus_comparison_mean_difference,Welch_t_interval_for_unweighted_donor_or_library_mean_difference,-0.79929556,0.89787852,0.32212272,4.62603757,available_welch_t,independent_percentile_donor_or_library_bootstrap,-0.53530055,0.54213959,available_percentile_donor_bootstrap,10000,7007122259525251239,7,7,7,4,0.57142857,direction_retention_below_0.80,false,"Four MDD versus three SDD title-derived presumed donor/library keys; directional support only, not confirmatory validation.","Descriptive donor/library-level effect only; no cell-level test, p-value, causal, age-independent, or therapeutic interpretation."
